primary_segment;cup;cig;title;category;region;province;municipality;value_eur;client;contractors;contractor_tax_codes;award_amount_eur;award_share_pct;award_weight;ratio_note;award_date;award_result;award_criteria;award_discount;admitted_offers;bidders_count;subcontracting;included_services;id_aggiudicazione;source_url
Lavori pubblici strade;D31B09000120002;0339878C2F;STRADA REGIONALE 578;Infrastrutture / parcheggi;LAZIO;RIETI;CITTADUCALE;22900000.0;AMMINISTRAZIONE PROVINCIALE DI RIETI;IRCOP SPA (MANDATARIA);00901501007;1758200825.0;7677.732860262009;Appalto principale / molto rilevante;Importo aggiudicazione superiore al 150% del valore progetto;2010-06-11;AGGIUDICATA;OFFERTA ECONOMICAMENTE PIU' VANTAGGIOSA;0.0;9;9;true;PROGETTAZIONE ED ESECUZIONE (SU PROGETTO DEFINITIVO);173673;https://www.opencup.gov.it/portale/progetto/-/cup/D31B09000120002
Impiantisti sottoservizi;F13H07000010003;0379818BB7;DEPURATORE INTERCOMUNALE;Ambiente / rifiuti / depurazione;LAZIO;ROMA;ALBANO LAZIALE;24531000.0;REGIONE LAZIO;VEOLIA WATER TECHNOLOGIES ITALIA S.P.A. (MANDATARIA) | ECO SABINA S.R.L. IN LIQUIDAZIONE (MANDANTE);03129770156 | 06826110584;1610989210.0;6567.156699686112;Appalto principale / molto rilevante;Importo aggiudicazione superiore al 150% del valore progetto;2010-02-17;AGGIUDICATA;OFFERTA ECONOMICAMENTE PIU' VANTAGGIOSA;16.188;4;5;true;PROGETTAZIONE ED ESECUZIONE (SU PROGETTO DEFINITIVO);173925;https://www.opencup.gov.it/portale/progetto/-/cup/F13H07000010003
Edilizia;E49H07000120007;0197760CB3;"COMPLESSO SCOLASTICO E VERDE PUBBLICO; COMPLESSO DI EDILIZIA PUBBLICA RESIDENZIALE.";Scuole / formazione;LAZIO;FROSINONE;FROSINONE;11806060.0;COMUNE DI FROSINONE - FR -;RINNOVA SRL (MANDANTE) | CO.GE.SE. - COSTRUZIONI GENERALI SETTE - SOCIETA' A RESPONSABILITA' LIMITATA (MANDATARIA);01866811001 | 04344371002;650705325.0;5511.621362249556;Appalto principale / molto rilevante;Importo aggiudicazione superiore al 150% del valore progetto;2008-11-10;AGGIUDICATA;OFFERTA ECONOMICAMENTE PIU' VANTAGGIOSA;5.839;6;6;true;SOLA ESECUZIONE;70259;https://www.opencup.gov.it/portale/progetto/-/cup/E49H07000120007
Edilizia;D58I18000040008;68767845AD;P.O. CISANELLO FABBRICATI SO CISANELLO;Scuole / formazione;TOSCANA;PISA;PISA;14830000.0;AZIENDA OSPEDALIERA PISANA;CONSORZIO INTEGRA SOCIETA' COOPERATIVA (MANDANTE) | GEMMO S.P.A. (SOCIETA' CON UNICO SOCIO) (MANDANTE) | FINCANTIERI INFRASTRUTTURE SOCIALI S.P.A. (MANDATARIA);03214610242 | 03530851207 | 15952111001;376669803.26;2539.9177563047874;Appalto principale / molto rilevante;Importo aggiudicazione superiore al 150% del valore progetto;2018-04-11;AGGIUDICATA;OFFERTA ECONOMICAMENTE PIU' VANTAGGIOSA;0.0;4;4;true;SOLA ESECUZIONE;1324006;https://www.opencup.gov.it/portale/progetto/-/cup/D58I18000040008
Edilizia;C91B21003980001;9233241782;SCUOLA SEC. DI I GRADO VOLUMNIO;Scuole / formazione;UMBRIA;PERUGIA;PERUGIA;9425472.0;COMUNE DI PERUGIA - PG -;FORMULA SERVIZI SOCIETA' COOPERATIVA (MANDANTE) | IRCOP S.P.A. (MANDATARIA) | MATARRESE S.P.A. | GEMMO S.P.A. (SOCIETA' CON UNICO SOCIO) (MANDANTE) | EDRA COSTRUZIONI - SOCIETA' COOPERATIVA IN SIGLA EDRA COSTRUZIONI SOC. COOP. (MANDANTE) | CONSORZIO NAZIONALE COOPERATIVE DI PRODUZIONE E LAVORO CIRO MENOTTI SOCIETA' COOPERATIVA PER AZIONI | SOCIETA' APPALTI LAVORI E COSTRUZIONI - SOCIETA' PER AZIONI IN FORMA ABBREVIATA S.A.L.C. S.P.A.. (MANDANTE) | TODINI COSTRUZIONI GENERALI S.P.A. (MANDANTE) | VALORI S.C.A R.L. - CONSORZIO STABILE IN SIGLA VALORI - S.C. A R. L. | COSAR S.R.L. | DIONIGI - SOCIETA' A RESPONSABILITA' LIMITATA | I.CO.P. S.P.A. SOCIETA' BENEFIT (MANDANTE) | INVIOLATELLA COSTRUZIONI S.R.L. | L'INTERNAZIONALE SOCIETA' COOPERATIVA IN SIGLA L'INTERNAZIONAL E SOC.COOP. (MANDANTE) | SANTACROCE S.R.L. (MANDANTE) | VIPPELL S.R.L. (MANDANTE) | CONSORZIO STABILE UNIMED SOCIETA' CONSORTILE A R.L. (MANDATARIA) | I.F.M. - ITALIANA FACILITY MANAGEMENT S.P.A. (MANDANTE) | CONSORZIO FRA COOPERATIVE DI PRODUZIONE E LAVORO - CONS.COOP.- S OCIETA' COOPERATIVA IN SIGLA CONSCOOP (MANDATARIA) | IDROTERMICA COOP - SOCIETA' COOPERATIVA IN SIGLA IDROTERMICA COOP. SOC. COOP. (MANDANTE) | MANELLI BAU S.R.L. - G.M.B.H. (MANDANTE) | ROMANA SCAVI - SOCIETA A RESPONSABILITA LIMITATA. | COGECO 7 S.R.L. (MANDATARIA) | BRIGANTI SOCIETA' COOPERATIVA S.P.A. (MANDANTE) | EDILCOSTRUZIONI GROUP S.R.L. (MANDATARIA) | LA CASCINA COSTRUZIONI S.R.L.;00140990409 | 00208340422 | 00228000675 | 00298880303 | 00336810403 | 00410120406 | 00471180588 | 00475580585 | 00596510727 | 00966060378 | 01614910634 | 01864090673 | 02832450585 | 03137490219 | 03214610242 | 03875680922 | 04031220652 | 06829811006 | 07500840728 | 07574940727 | 08045240721 | 08066951008 | 08105460581 | 09433891000 | 11209811006 | 14783531008;149581809.63;1586.995427178607;Appalto principale / molto rilevante;Importo aggiudicazione superiore al 150% del valore progetto;2023-11-10;AGGIUDICATA;OFFERTA ECONOMICAMENTE PIÙ VANTAGGIOSA: MIGLIOR RAPPORTO QUALITÀ / PREZZO;;22;23;false;SOLA ESECUZIONE;2653678;https://www.opencup.gov.it/portale/progetto/-/cup/C91B21003980001
Edilizia;C91B21003990001;9233241782;SCUOLA PRIMARIA CENA E INFANZIA CALVINO;Scuole / formazione;UMBRIA;PERUGIA;PERUGIA;10706690.0;COMUNE DI PERUGIA - PG -;FORMULA SERVIZI SOCIETA' COOPERATIVA (MANDANTE) | IRCOP S.P.A. (MANDATARIA) | MATARRESE S.P.A. | GEMMO S.P.A. (SOCIETA' CON UNICO SOCIO) (MANDANTE) | EDRA COSTRUZIONI - SOCIETA' COOPERATIVA IN SIGLA EDRA COSTRUZIONI SOC. COOP. (MANDANTE) | CONSORZIO NAZIONALE COOPERATIVE DI PRODUZIONE E LAVORO CIRO MENOTTI SOCIETA' COOPERATIVA PER AZIONI | SOCIETA' APPALTI LAVORI E COSTRUZIONI - SOCIETA' PER AZIONI IN FORMA ABBREVIATA S.A.L.C. S.P.A.. (MANDANTE) | TODINI COSTRUZIONI GENERALI S.P.A. (MANDANTE) | VALORI S.C.A R.L. - CONSORZIO STABILE IN SIGLA VALORI - S.C. A R. L. | COSAR S.R.L. | DIONIGI - SOCIETA' A RESPONSABILITA' LIMITATA | I.CO.P. S.P.A. SOCIETA' BENEFIT (MANDANTE) | INVIOLATELLA COSTRUZIONI S.R.L. | L'INTERNAZIONALE SOCIETA' COOPERATIVA IN SIGLA L'INTERNAZIONAL E SOC.COOP. (MANDANTE) | SANTACROCE S.R.L. (MANDANTE) | VIPPELL S.R.L. (MANDANTE) | CONSORZIO STABILE UNIMED SOCIETA' CONSORTILE A R.L. (MANDATARIA) | I.F.M. - ITALIANA FACILITY MANAGEMENT S.P.A. (MANDANTE) | CONSORZIO FRA COOPERATIVE DI PRODUZIONE E LAVORO - CONS.COOP.- S OCIETA' COOPERATIVA IN SIGLA CONSCOOP (MANDATARIA) | IDROTERMICA COOP - SOCIETA' COOPERATIVA IN SIGLA IDROTERMICA COOP. SOC. COOP. (MANDANTE) | MANELLI BAU S.R.L. - G.M.B.H. (MANDANTE) | ROMANA SCAVI - SOCIETA A RESPONSABILITA LIMITATA. | COGECO 7 S.R.L. (MANDATARIA) | BRIGANTI SOCIETA' COOPERATIVA S.P.A. (MANDANTE) | EDILCOSTRUZIONI GROUP S.R.L. (MANDATARIA) | LA CASCINA COSTRUZIONI S.R.L.;00140990409 | 00208340422 | 00228000675 | 00298880303 | 00336810403 | 00410120406 | 00471180588 | 00475580585 | 00596510727 | 00966060378 | 01614910634 | 01864090673 | 02832450585 | 03137490219 | 03214610242 | 03875680922 | 04031220652 | 06829811006 | 07500840728 | 07574940727 | 08045240721 | 08066951008 | 08105460581 | 09433891000 | 11209811006 | 14783531008;149581809.63;1397.0873316589907;Appalto principale / molto rilevante;Importo aggiudicazione superiore al 150% del valore progetto;2023-11-10;AGGIUDICATA;OFFERTA ECONOMICAMENTE PIÙ VANTAGGIOSA: MIGLIOR RAPPORTO QUALITÀ / PREZZO;;22;23;false;SOLA ESECUZIONE;2653678;https://www.opencup.gov.it/portale/progetto/-/cup/C91B21003990001
Edilizia;C45E22000290001;9233241782;COMPLESSO SCOLASTICO OMNICOMPRENSIVO BEATO SIMONE FIDATI;Scuole / formazione;UMBRIA;PERUGIA;CASCIA;12057500.0;COMUNE DI CASCIA - PG -;FORMULA SERVIZI SOCIETA' COOPERATIVA (MANDANTE) | IRCOP S.P.A. (MANDATARIA) | MATARRESE S.P.A. | GEMMO S.P.A. (SOCIETA' CON UNICO SOCIO) (MANDANTE) | EDRA COSTRUZIONI - SOCIETA' COOPERATIVA IN SIGLA EDRA COSTRUZIONI SOC. COOP. (MANDANTE) | CONSORZIO NAZIONALE COOPERATIVE DI PRODUZIONE E LAVORO CIRO MENOTTI SOCIETA' COOPERATIVA PER AZIONI | SOCIETA' APPALTI LAVORI E COSTRUZIONI - SOCIETA' PER AZIONI IN FORMA ABBREVIATA S.A.L.C. S.P.A.. (MANDANTE) | TODINI COSTRUZIONI GENERALI S.P.A. (MANDANTE) | VALORI S.C.A R.L. - CONSORZIO STABILE IN SIGLA VALORI - S.C. A R. L. | COSAR S.R.L. | DIONIGI - SOCIETA' A RESPONSABILITA' LIMITATA | I.CO.P. S.P.A. SOCIETA' BENEFIT (MANDANTE) | INVIOLATELLA COSTRUZIONI S.R.L. | L'INTERNAZIONALE SOCIETA' COOPERATIVA IN SIGLA L'INTERNAZIONAL E SOC.COOP. (MANDANTE) | SANTACROCE S.R.L. (MANDANTE) | VIPPELL S.R.L. (MANDANTE) | CONSORZIO STABILE UNIMED SOCIETA' CONSORTILE A R.L. (MANDATARIA) | I.F.M. - ITALIANA FACILITY MANAGEMENT S.P.A. (MANDANTE) | CONSORZIO FRA COOPERATIVE DI PRODUZIONE E LAVORO - CONS.COOP.- S OCIETA' COOPERATIVA IN SIGLA CONSCOOP (MANDATARIA) | IDROTERMICA COOP - SOCIETA' COOPERATIVA IN SIGLA IDROTERMICA COOP. SOC. COOP. (MANDANTE) | MANELLI BAU S.R.L. - G.M.B.H. (MANDANTE) | ROMANA SCAVI - SOCIETA A RESPONSABILITA LIMITATA. | COGECO 7 S.R.L. (MANDATARIA) | BRIGANTI SOCIETA' COOPERATIVA S.P.A. (MANDANTE) | EDILCOSTRUZIONI GROUP S.R.L. (MANDATARIA) | LA CASCINA COSTRUZIONI S.R.L.;00140990409 | 00208340422 | 00228000675 | 00298880303 | 00336810403 | 00410120406 | 00471180588 | 00475580585 | 00596510727 | 00966060378 | 01614910634 | 01864090673 | 02832450585 | 03137490219 | 03214610242 | 03875680922 | 04031220652 | 06829811006 | 07500840728 | 07574940727 | 08045240721 | 08066951008 | 08105460581 | 09433891000 | 11209811006 | 14783531008;149581809.63;1240.570679079411;Appalto principale / molto rilevante;Importo aggiudicazione superiore al 150% del valore progetto;2023-11-10;AGGIUDICATA;OFFERTA ECONOMICAMENTE PIÙ VANTAGGIOSA: MIGLIOR RAPPORTO QUALITÀ / PREZZO;;22;23;false;SOLA ESECUZIONE;2653678;https://www.opencup.gov.it/portale/progetto/-/cup/C45E22000290001
Edilizia;C91B21003980001;92352544B1;SCUOLA SEC. DI I GRADO VOLUMNIO;Scuole / formazione;UMBRIA;PERUGIA;PERUGIA;9425472.0;COMUNE DI PERUGIA - PG -;"COOPROGETTI SOCIETA' COOPERATIVA (MANDANTE) | EUTECNE S.R.L. (MANDANTE) | LISI SILVANA (MANDANTE) | TECNO2O ENGINEERING S.R.L. (MANDANTE) | CLERICI &AMP; ASSOCIATI - ENGINEERING SOLUTIONS (MANDANTE) | CASCONE ENGINEERING S.R.L. (MANDANTE) | MASTELLONE DI CASTELVETERE ENGINEERING SRL (MANDATARIA) | ARETHUSA S.R.L. (MANDANTE) | TORRE ANGELO (MANDANTE) | CONSULTEC - SOCIETA' COOPERATIVA (MANDATARIA) | SICEF S.R.L. (MANDANTE) | RINA CONSULTING S.P.A. (MANDATARIA) | DFP ENGINEERING S.R.L. (MANDANTE) | ARTEC ASSOCIATI S.R.L. (MANDATARIA) | BOTTIGLIERI (MANDANTE) | ATIPROJECT S.R.L. (MANDATARIA) | S.IN.T.E.C. SOCIETA' D'INGEGNERIA PER IL TERRITORIO EDILE E CIVILE SRL (MANDANTE) | DE VENUTO &AMP; ASSOCIATI STUDIO DI INGEGNERIA (MANDANTE) | NATALINI FABRIZIO (MANDANTE) | LENZI CONSULTANT S.R.L. (MANDATARIA) | ARTELIA ITALIA S.P.A. | XALER ENGINEERING S.R.L. (MANDANTE) | TITTARELLI GABRIELE (MANDANTE) | MATE SOCIETA' COOPERATIVA (MANDATARIA) | MANCINI & PARTNERS S.R.L. (MANDANTE) | D'URSO ALESSIO (MANDANTE) | SERPILLI S.R.L. (MANDANTE) | CORVINO+MULTARI S.R.L. (MANDANTE) | CONSILIUM SERVIZI DI INGEGNERIA S.R.L. (MANDANTE) | SIGMA PROGETTI S.R.L. (MANDANTE) | STUDIO KR E ASSOCIATI S.R.L. (MANDANTE) | STUDIO TECNICO DI INGEGNERIA DOTT. ING. UMBERTO LISA (MANDANTE) | PASQUINELLI SERGIO (MANDANTE) | DE CRISTOFARO CIRO (MANDANTE) | EXUP S.R.L. (MANDANTE)";00424850543 | 01170950578 | 02255140507 | 02258740683 | 02316580444 | 02400060428 | 02548160429 | 02641790841 | 02723650541 | 02961180839 | 03065390548 | 03419611201 | 03476550102 | 03495100830 | 03726321213 | 03975900485 | 04739390872 | 04842081210 | 04943230724 | 05078020756 | 06741281007 | 06805981211 | 07789120636 | 07843010633 | 08539980584 | 09109161217 | BTTNRC53H04H431N | DCRCRI52L27A783B | DRSLSS69A17C351E | LSIMRT74H07F158I | LSISVN58P49E783L | NTLFRZ53T09D612A | PSQSRG66E10C615S | TRRNGL68B26B506R | TTTGRL65B08E388T;59832723.85;634.7981708502238;Appalto principale / molto rilevante;Importo aggiudicazione superiore al 150% del valore progetto;2023-05-09;AGGIUDICATA;OFFERTA ECONOMICAMENTE PIÙ VANTAGGIOSA: MIGLIOR RAPPORTO QUALITÀ / PREZZO;;32;32;false;SOLA ESECUZIONE;2586037;https://www.opencup.gov.it/portale/progetto/-/cup/C91B21003980001
Edilizia;F11B21008370002;9232962147;SCUOLA SECONDARIA SACCHETTI SASSETTI;Scuole / formazione;LAZIO;RIETI;RIETI;9230999.0;COMUNE DI RIETI - RI -;IRCOP S.P.A. (MANDATARIA) | CONSORZIO FRA COOPERATIVE DI PRODUZIONE E LAVORO - CONS.COOP.- S OCIETA' COOPERATIVA IN SIGLA CONSCOOP (MANDATARIA) | I.F.M. - ITALIANA FACILITY MANAGEMENT S.P.A. (MANDANTE) | IDROTERMICA COOP - SOCIETA' COOPERATIVA IN SIGLA IDROTERMICA COOP. SOC. COOP. (MANDANTE) | SOCIETA' APPALTI LAVORI E COSTRUZIONI - SOCIETA' PER AZIONI IN FORMA ABBREVIATA S.A.L.C. S.P.A.. (MANDANTE) | COSAR S.R.L. | VALORI S.C.A R.L. - CONSORZIO STABILE IN SIGLA VALORI - S.C. A R. L. | TODINI COSTRUZIONI GENERALI S.P.A. (MANDANTE) | SANTACROCE S.R.L. (MANDANTE) | DIONIGI - SOCIETA' A RESPONSABILITA' LIMITATA | FORMULA SERVIZI SOCIETA' COOPERATIVA (MANDANTE) | GEMMO S.P.A. (SOCIETA' CON UNICO SOCIO) (MANDANTE) | EDRA COSTRUZIONI - SOCIETA' COOPERATIVA IN SIGLA EDRA COSTRUZIONI SOC. COOP. (MANDANTE) | I.CO.P. S.P.A. SOCIETA' BENEFIT (MANDANTE) | COGECO 7 S.R.L. (MANDATARIA) | ROMANA SCAVI - SOCIETA A RESPONSABILITA LIMITATA. | INVIOLATELLA COSTRUZIONI S.R.L. | L'INTERNAZIONALE SOCIETA' COOPERATIVA IN SIGLA L'INTERNAZIONAL E SOC.COOP. (MANDANTE) | BRIGANTI SOCIETA' COOPERATIVA S.P.A. (MANDANTE) | EDILCOSTRUZIONI GROUP S.R.L. (MANDATARIA);00140990409 | 00208340422 | 00228000675 | 00298880303 | 00336810403 | 00410120406 | 00471180588 | 00475580585 | 00596510727 | 01614910634 | 01864090673 | 02832450585 | 03214610242 | 04031220652 | 06829811006 | 08066951008 | 08105460581 | 09433891000 | 11209811006 | 14783531008;57135243.0;618.9497258097417;Appalto principale / molto rilevante;Importo aggiudicazione superiore al 150% del valore progetto;2023-11-07;AGGIUDICATA;OFFERTA ECONOMICAMENTE PIÙ VANTAGGIOSA: MIGLIOR RAPPORTO QUALITÀ / PREZZO;;19;20;false;SOLA ESECUZIONE;2650168;https://www.opencup.gov.it/portale/progetto/-/cup/F11B21008370002
Edilizia;J57B20000750001;9233241782;REALIZZAZIONE DEL NUOVO POLO SCOLASTICO DI NORCIA;Scuole / formazione;UMBRIA;PERUGIA;NORCIA;25481250.0;AMMINISTRAZIONE PROVINCIALE DI PERUGIA;FORMULA SERVIZI SOCIETA' COOPERATIVA (MANDANTE) | IRCOP S.P.A. (MANDATARIA) | MATARRESE S.P.A. | GEMMO S.P.A. (SOCIETA' CON UNICO SOCIO) (MANDANTE) | EDRA COSTRUZIONI - SOCIETA' COOPERATIVA IN SIGLA EDRA COSTRUZIONI SOC. COOP. (MANDANTE) | CONSORZIO NAZIONALE COOPERATIVE DI PRODUZIONE E LAVORO CIRO MENOTTI SOCIETA' COOPERATIVA PER AZIONI | SOCIETA' APPALTI LAVORI E COSTRUZIONI - SOCIETA' PER AZIONI IN FORMA ABBREVIATA S.A.L.C. S.P.A.. (MANDANTE) | TODINI COSTRUZIONI GENERALI S.P.A. (MANDANTE) | VALORI S.C.A R.L. - CONSORZIO STABILE IN SIGLA VALORI - S.C. A R. L. | COSAR S.R.L. | DIONIGI - SOCIETA' A RESPONSABILITA' LIMITATA | I.CO.P. S.P.A. SOCIETA' BENEFIT (MANDANTE) | INVIOLATELLA COSTRUZIONI S.R.L. | L'INTERNAZIONALE SOCIETA' COOPERATIVA IN SIGLA L'INTERNAZIONAL E SOC.COOP. (MANDANTE) | SANTACROCE S.R.L. (MANDANTE) | VIPPELL S.R.L. (MANDANTE) | CONSORZIO STABILE UNIMED SOCIETA' CONSORTILE A R.L. (MANDATARIA) | I.F.M. - ITALIANA FACILITY MANAGEMENT S.P.A. (MANDANTE) | CONSORZIO FRA COOPERATIVE DI PRODUZIONE E LAVORO - CONS.COOP.- S OCIETA' COOPERATIVA IN SIGLA CONSCOOP (MANDATARIA) | IDROTERMICA COOP - SOCIETA' COOPERATIVA IN SIGLA IDROTERMICA COOP. SOC. COOP. (MANDANTE) | MANELLI BAU S.R.L. - G.M.B.H. (MANDANTE) | ROMANA SCAVI - SOCIETA A RESPONSABILITA LIMITATA. | COGECO 7 S.R.L. (MANDATARIA) | BRIGANTI SOCIETA' COOPERATIVA S.P.A. (MANDANTE) | EDILCOSTRUZIONI GROUP S.R.L. (MANDATARIA) | LA CASCINA COSTRUZIONI S.R.L.;00140990409 | 00208340422 | 00228000675 | 00298880303 | 00336810403 | 00410120406 | 00471180588 | 00475580585 | 00596510727 | 00966060378 | 01614910634 | 01864090673 | 02832450585 | 03137490219 | 03214610242 | 03875680922 | 04031220652 | 06829811006 | 07500840728 | 07574940727 | 08045240721 | 08066951008 | 08105460581 | 09433891000 | 11209811006 | 14783531008;149581809.63;587.0269693598234;Appalto principale / molto rilevante;Importo aggiudicazione superiore al 150% del valore progetto;2023-11-10;AGGIUDICATA;OFFERTA ECONOMICAMENTE PIÙ VANTAGGIOSA: MIGLIOR RAPPORTO QUALITÀ / PREZZO;;22;23;false;SOLA ESECUZIONE;2653678;https://www.opencup.gov.it/portale/progetto/-/cup/J57B20000750001
Edilizia;C91B21003990001;92352544B1;SCUOLA PRIMARIA CENA E INFANZIA CALVINO;Scuole / formazione;UMBRIA;PERUGIA;PERUGIA;10706690.0;COMUNE DI PERUGIA - PG -;"COOPROGETTI SOCIETA' COOPERATIVA (MANDANTE) | EUTECNE S.R.L. (MANDANTE) | LISI SILVANA (MANDANTE) | TECNO2O ENGINEERING S.R.L. (MANDANTE) | CLERICI &AMP; ASSOCIATI - ENGINEERING SOLUTIONS (MANDANTE) | CASCONE ENGINEERING S.R.L. (MANDANTE) | MASTELLONE DI CASTELVETERE ENGINEERING SRL (MANDATARIA) | ARETHUSA S.R.L. (MANDANTE) | TORRE ANGELO (MANDANTE) | CONSULTEC - SOCIETA' COOPERATIVA (MANDATARIA) | SICEF S.R.L. (MANDANTE) | RINA CONSULTING S.P.A. (MANDATARIA) | DFP ENGINEERING S.R.L. (MANDANTE) | ARTEC ASSOCIATI S.R.L. (MANDATARIA) | BOTTIGLIERI (MANDANTE) | ATIPROJECT S.R.L. (MANDATARIA) | S.IN.T.E.C. SOCIETA' D'INGEGNERIA PER IL TERRITORIO EDILE E CIVILE SRL (MANDANTE) | DE VENUTO &AMP; ASSOCIATI STUDIO DI INGEGNERIA (MANDANTE) | NATALINI FABRIZIO (MANDANTE) | LENZI CONSULTANT S.R.L. (MANDATARIA) | ARTELIA ITALIA S.P.A. | XALER ENGINEERING S.R.L. (MANDANTE) | TITTARELLI GABRIELE (MANDANTE) | MATE SOCIETA' COOPERATIVA (MANDATARIA) | MANCINI & PARTNERS S.R.L. (MANDANTE) | D'URSO ALESSIO (MANDANTE) | SERPILLI S.R.L. (MANDANTE) | CORVINO+MULTARI S.R.L. (MANDANTE) | CONSILIUM SERVIZI DI INGEGNERIA S.R.L. (MANDANTE) | SIGMA PROGETTI S.R.L. (MANDANTE) | STUDIO KR E ASSOCIATI S.R.L. (MANDANTE) | STUDIO TECNICO DI INGEGNERIA DOTT. ING. UMBERTO LISA (MANDANTE) | PASQUINELLI SERGIO (MANDANTE) | DE CRISTOFARO CIRO (MANDANTE) | EXUP S.R.L. (MANDANTE)";00424850543 | 01170950578 | 02255140507 | 02258740683 | 02316580444 | 02400060428 | 02548160429 | 02641790841 | 02723650541 | 02961180839 | 03065390548 | 03419611201 | 03476550102 | 03495100830 | 03726321213 | 03975900485 | 04739390872 | 04842081210 | 04943230724 | 05078020756 | 06741281007 | 06805981211 | 07789120636 | 07843010633 | 08539980584 | 09109161217 | BTTNRC53H04H431N | DCRCRI52L27A783B | DRSLSS69A17C351E | LSIMRT74H07F158I | LSISVN58P49E783L | NTLFRZ53T09D612A | PSQSRG66E10C615S | TRRNGL68B26B506R | TTTGRL65B08E388T;59832723.85;558.8349326449164;Appalto principale / molto rilevante;Importo aggiudicazione superiore al 150% del valore progetto;2023-05-09;AGGIUDICATA;OFFERTA ECONOMICAMENTE PIÙ VANTAGGIOSA: MIGLIOR RAPPORTO QUALITÀ / PREZZO;;32;32;false;SOLA ESECUZIONE;2586037;https://www.opencup.gov.it/portale/progetto/-/cup/C91B21003990001
Edilizia;C45E22000290001;92352544B1;COMPLESSO SCOLASTICO OMNICOMPRENSIVO BEATO SIMONE FIDATI;Scuole / formazione;UMBRIA;PERUGIA;CASCIA;12057500.0;COMUNE DI CASCIA - PG -;"COOPROGETTI SOCIETA' COOPERATIVA (MANDANTE) | EUTECNE S.R.L. (MANDANTE) | LISI SILVANA (MANDANTE) | TECNO2O ENGINEERING S.R.L. (MANDANTE) | CLERICI &AMP; ASSOCIATI - ENGINEERING SOLUTIONS (MANDANTE) | CASCONE ENGINEERING S.R.L. (MANDANTE) | MASTELLONE DI CASTELVETERE ENGINEERING SRL (MANDATARIA) | ARETHUSA S.R.L. (MANDANTE) | TORRE ANGELO (MANDANTE) | CONSULTEC - SOCIETA' COOPERATIVA (MANDATARIA) | SICEF S.R.L. (MANDANTE) | RINA CONSULTING S.P.A. (MANDATARIA) | DFP ENGINEERING S.R.L. (MANDANTE) | ARTEC ASSOCIATI S.R.L. (MANDATARIA) | BOTTIGLIERI (MANDANTE) | ATIPROJECT S.R.L. (MANDATARIA) | S.IN.T.E.C. SOCIETA' D'INGEGNERIA PER IL TERRITORIO EDILE E CIVILE SRL (MANDANTE) | DE VENUTO &AMP; ASSOCIATI STUDIO DI INGEGNERIA (MANDANTE) | NATALINI FABRIZIO (MANDANTE) | LENZI CONSULTANT S.R.L. (MANDATARIA) | ARTELIA ITALIA S.P.A. | XALER ENGINEERING S.R.L. (MANDANTE) | TITTARELLI GABRIELE (MANDANTE) | MATE SOCIETA' COOPERATIVA (MANDATARIA) | MANCINI & PARTNERS S.R.L. (MANDANTE) | D'URSO ALESSIO (MANDANTE) | SERPILLI S.R.L. (MANDANTE) | CORVINO+MULTARI S.R.L. (MANDANTE) | CONSILIUM SERVIZI DI INGEGNERIA S.R.L. (MANDANTE) | SIGMA PROGETTI S.R.L. (MANDANTE) | STUDIO KR E ASSOCIATI S.R.L. (MANDANTE) | STUDIO TECNICO DI INGEGNERIA DOTT. ING. UMBERTO LISA (MANDANTE) | PASQUINELLI SERGIO (MANDANTE) | DE CRISTOFARO CIRO (MANDANTE) | EXUP S.R.L. (MANDANTE)";00424850543 | 01170950578 | 02255140507 | 02258740683 | 02316580444 | 02400060428 | 02548160429 | 02641790841 | 02723650541 | 02961180839 | 03065390548 | 03419611201 | 03476550102 | 03495100830 | 03726321213 | 03975900485 | 04739390872 | 04842081210 | 04943230724 | 05078020756 | 06741281007 | 06805981211 | 07789120636 | 07843010633 | 08539980584 | 09109161217 | BTTNRC53H04H431N | DCRCRI52L27A783B | DRSLSS69A17C351E | LSIMRT74H07F158I | LSISVN58P49E783L | NTLFRZ53T09D612A | PSQSRG66E10C615S | TRRNGL68B26B506R | TTTGRL65B08E388T;59832723.85;496.2282716151773;Appalto principale / molto rilevante;Importo aggiudicazione superiore al 150% del valore progetto;2023-05-09;AGGIUDICATA;OFFERTA ECONOMICAMENTE PIÙ VANTAGGIOSA: MIGLIOR RAPPORTO QUALITÀ / PREZZO;;32;32;false;SOLA ESECUZIONE;2586037;https://www.opencup.gov.it/portale/progetto/-/cup/C45E22000290001
Edilizia;I87G22000270001;A02FBF833E;LINEA A, METROPOLITANA DI ROMA;Riqualificazione urbana;LAZIO;ROMA;ROMA;67100000.0;AGENZIA PER I TRASPORTI AUTOFERROTRAMVIARI DEL COMUNE DI ROMA;IMPRESA GENERALE PUBBLICITA' - JCDECAUX SPA IN FORMA BREVE IGPDECAUX SPA (MANDATARIA) | TEICOS UE S.R.L. (MANDANTE);00893300152 | 11451400151;288100000.0;429.35916542473916;Appalto principale / molto rilevante;Importo aggiudicazione superiore al 150% del valore progetto;2024-02-27;AGGIUDICATA;OFFERTA ECONOMICAMENTE PIÙ VANTAGGIOSA: MIGLIOR RAPPORTO QUALITÀ / PREZZO;-5.0;1;1;true;SOLA ESECUZIONE;2748593;https://www.opencup.gov.it/portale/progetto/-/cup/I87G22000270001
Edilizia;J81J22003700003;B2BA144D0C;RIQUALIFICAZIONE PIAZZA RISORGIMENTO CON PARCHEGGIO INTERRATO, PASSAGGIO PEDONALE E SERVIZI.;Riqualificazione urbana;LAZIO;ROMA;ROMA;30000000.0;soggetto privato;GI.DO.GI. S.R.L. (OPERATORE ECONOMICO MONOSOGGETTIVO);01010910667;93800174.0;312.6672466666667;Appalto principale / molto rilevante;Importo aggiudicazione superiore al 150% del valore progetto;2024-08-05;AGGIUDICATA;;0.0;;;false;;12674263;https://www.opencup.gov.it/portale/progetto/-/cup/J81J22003700003
Edilizia;F45B22000500007;B7C9DC6EC2;STADIO LIBERO LIBERATI;Sport / impianti sportivi;UMBRIA;TERNI;TERNI;43608000.0;COMUNE DI TERNI - TR -;STADIUM SPA (OPERATORE ECONOMICO MONOSOGGETTIVO);01738100559;118000000.0;270.59255182535315;Appalto principale / molto rilevante;Importo aggiudicazione superiore al 150% del valore progetto;2025-07-25;AGGIUDICATA;;0.0;;;false;;17280125;https://www.opencup.gov.it/portale/progetto/-/cup/F45B22000500007
Edilizia;F11B21008370002;92351341AB;SCUOLA SECONDARIA SACCHETTI SASSETTI;Scuole / formazione;LAZIO;RIETI;RIETI;9230999.0;COMUNE DI RIETI - RI -;"EUTECNE S.R.L. (MANDANTE) | COOPROGETTI SOCIETA' COOPERATIVA (MANDANTE) | LISI SILVANA (MANDANTE) | RINA CONSULTING S.P.A. (MANDATARIA) | ARETHUSA S.R.L. (MANDANTE) | MASTELLONE DI CASTELVETERE ENGINEERING SRL (MANDATARIA) | CLERICI &AMP; ASSOCIATI - ENGINEERING SOLUTIONS (MANDANTE) | DFP ENGINEERING S.R.L. (MANDANTE) | ATIPROJECT S.R.L. (MANDATARIA) | BOTTIGLIERI (MANDANTE) | S.IN.T.E.C. SOCIETA' D'INGEGNERIA PER IL TERRITORIO EDILE E CIVILE SRL (MANDANTE) | ARTELIA ITALIA S.P.A. | MATE SOCIETA' COOPERATIVA (MANDATARIA) | MANCINI & PARTNERS S.R.L. (MANDANTE) | SIGMA PROGETTI S.R.L. (MANDANTE) | CORVINO+MULTARI S.R.L. (MANDANTE) | EXUP S.R.L. (MANDANTE)";00424850543 | 01170950578 | 02255140507 | 02258740683 | 02316580444 | 02723650541 | 03065390548 | 03419611201 | 03476550102 | 03726321213 | 06741281007 | 06805981211 | 07789120636 | 07843010633 | 09109161217 | BTTNRC53H04H431N | LSISVN58P49E783L;22854097.2;247.57989032389668;Appalto principale / molto rilevante;Importo aggiudicazione superiore al 150% del valore progetto;2023-04-27;AGGIUDICATA;OFFERTA ECONOMICAMENTE PIÙ VANTAGGIOSA: MIGLIOR RAPPORTO QUALITÀ / PREZZO;;33;33;false;SOLA ESECUZIONE;2585993;https://www.opencup.gov.it/portale/progetto/-/cup/F11B21008370002
Edilizia;C91B21003980001;923572595E;SCUOLA SEC. DI I GRADO VOLUMNIO;Scuole / formazione;UMBRIA;PERUGIA;PERUGIA;9425472.0;COMUNE DI PERUGIA - PG -;S.G.N. ENGINEERING S.R.L. | ISTITUTO COLLAUDI E VERIFICHE S.P.A. | RINA CHECK S.R.L. | NO GAP CONTROLS SRL | INARCHECK S.P.A. | PROGETTO COSTRUZIONE QUALITÀ S.R.L. | BUREAU VERITAS ITALIA S.P.A. | CONTECO CHECK S.R.L.;01927190999 | 01974031203 | 02341540421 | 03465090961 | 09663961218 | 11203280158 | 11498640157 | 15503551002;22437271.44;238.0493140290481;Appalto principale / molto rilevante;Importo aggiudicazione superiore al 150% del valore progetto;2023-07-17;AGGIUDICATA;OFFERTA ECONOMICAMENTE PIÙ VANTAGGIOSA: MIGLIOR RAPPORTO QUALITÀ / PREZZO;;14;14;false;SOLA ESECUZIONE;2583518;https://www.opencup.gov.it/portale/progetto/-/cup/C91B21003980001
Edilizia;J57B20000750001;92352544B1;REALIZZAZIONE DEL NUOVO POLO SCOLASTICO DI NORCIA;Scuole / formazione;UMBRIA;PERUGIA;NORCIA;25481250.0;AMMINISTRAZIONE PROVINCIALE DI PERUGIA;"COOPROGETTI SOCIETA' COOPERATIVA (MANDANTE) | EUTECNE S.R.L. (MANDANTE) | LISI SILVANA (MANDANTE) | TECNO2O ENGINEERING S.R.L. (MANDANTE) | CLERICI &AMP; ASSOCIATI - ENGINEERING SOLUTIONS (MANDANTE) | CASCONE ENGINEERING S.R.L. (MANDANTE) | MASTELLONE DI CASTELVETERE ENGINEERING SRL (MANDATARIA) | ARETHUSA S.R.L. (MANDANTE) | TORRE ANGELO (MANDANTE) | CONSULTEC - SOCIETA' COOPERATIVA (MANDATARIA) | SICEF S.R.L. (MANDANTE) | RINA CONSULTING S.P.A. (MANDATARIA) | DFP ENGINEERING S.R.L. (MANDANTE) | ARTEC ASSOCIATI S.R.L. (MANDATARIA) | BOTTIGLIERI (MANDANTE) | ATIPROJECT S.R.L. (MANDATARIA) | S.IN.T.E.C. SOCIETA' D'INGEGNERIA PER IL TERRITORIO EDILE E CIVILE SRL (MANDANTE) | DE VENUTO &AMP; ASSOCIATI STUDIO DI INGEGNERIA (MANDANTE) | NATALINI FABRIZIO (MANDANTE) | LENZI CONSULTANT S.R.L. (MANDATARIA) | ARTELIA ITALIA S.P.A. | XALER ENGINEERING S.R.L. (MANDANTE) | TITTARELLI GABRIELE (MANDANTE) | MATE SOCIETA' COOPERATIVA (MANDATARIA) | MANCINI & PARTNERS S.R.L. (MANDANTE) | D'URSO ALESSIO (MANDANTE) | SERPILLI S.R.L. (MANDANTE) | CORVINO+MULTARI S.R.L. (MANDANTE) | CONSILIUM SERVIZI DI INGEGNERIA S.R.L. (MANDANTE) | SIGMA PROGETTI S.R.L. (MANDANTE) | STUDIO KR E ASSOCIATI S.R.L. (MANDANTE) | STUDIO TECNICO DI INGEGNERIA DOTT. ING. UMBERTO LISA (MANDANTE) | PASQUINELLI SERGIO (MANDANTE) | DE CRISTOFARO CIRO (MANDANTE) | EXUP S.R.L. (MANDANTE)";00424850543 | 01170950578 | 02255140507 | 02258740683 | 02316580444 | 02400060428 | 02548160429 | 02641790841 | 02723650541 | 02961180839 | 03065390548 | 03419611201 | 03476550102 | 03495100830 | 03726321213 | 03975900485 | 04739390872 | 04842081210 | 04943230724 | 05078020756 | 06741281007 | 06805981211 | 07789120636 | 07843010633 | 08539980584 | 09109161217 | BTTNRC53H04H431N | DCRCRI52L27A783B | DRSLSS69A17C351E | LSIMRT74H07F158I | LSISVN58P49E783L | NTLFRZ53T09D612A | PSQSRG66E10C615S | TRRNGL68B26B506R | TTTGRL65B08E388T;59832723.85;234.81078773608047;Appalto principale / molto rilevante;Importo aggiudicazione superiore al 150% del valore progetto;2023-05-09;AGGIUDICATA;OFFERTA ECONOMICAMENTE PIÙ VANTAGGIOSA: MIGLIOR RAPPORTO QUALITÀ / PREZZO;;32;32;false;SOLA ESECUZIONE;2586037;https://www.opencup.gov.it/portale/progetto/-/cup/J57B20000750001
Impiantisti sottoservizi;F73J08000040001;0266452B22;POLI DI DEPURAZIONE NEI COMUNI DI CIVITA CASTELLANA, SUTRI E VIGNANELLO;Ambiente / rifiuti / depurazione;LAZIO;VITERBO;SUTRI;18085000.0;REGIONE LAZIO;PROG.IN S.R.L.;10156161001;39817572.0;220.16904617085981;Appalto principale / molto rilevante;Importo aggiudicazione superiore al 150% del valore progetto;2009-09-11;AGGIUDICATA;OFFERTA ECONOMICAMENTE PIU' VANTAGGIOSA;40.0;0;0;false;PROGETTAZIONE ED ESECUZIONE (SU PROGETTO DEFINITIVO);173394;https://www.opencup.gov.it/portale/progetto/-/cup/F73J08000040001
Edilizia;C91B21003990001;923572595E;SCUOLA PRIMARIA CENA E INFANZIA CALVINO;Scuole / formazione;UMBRIA;PERUGIA;PERUGIA;10706690.0;COMUNE DI PERUGIA - PG -;S.G.N. ENGINEERING S.R.L. | ISTITUTO COLLAUDI E VERIFICHE S.P.A. | RINA CHECK S.R.L. | NO GAP CONTROLS SRL | INARCHECK S.P.A. | PROGETTO COSTRUZIONE QUALITÀ S.R.L. | BUREAU VERITAS ITALIA S.P.A. | CONTECO CHECK S.R.L.;01927190999 | 01974031203 | 02341540421 | 03465090961 | 09663961218 | 11203280158 | 11498640157 | 15503551002;22437271.44;209.56309970681883;Appalto principale / molto rilevante;Importo aggiudicazione superiore al 150% del valore progetto;2023-07-17;AGGIUDICATA;OFFERTA ECONOMICAMENTE PIÙ VANTAGGIOSA: MIGLIOR RAPPORTO QUALITÀ / PREZZO;;14;14;false;SOLA ESECUZIONE;2583518;https://www.opencup.gov.it/portale/progetto/-/cup/C91B21003990001
Edilizia;I87G22000270001;B7B32B73C8;LINEA A, METROPOLITANA DI ROMA;Riqualificazione urbana;LAZIO;ROMA;ROMA;67100000.0;AGENZIA PER I TRASPORTI AUTOFERROTRAMVIARI DEL COMUNE DI ROMA;CAPOBIANCO GIUSEPPE (OPERATORE ECONOMICO MONOSOGGETTIVO);CPBGPP61S08A509V;120137.83;0.1790429657228018;Affidamento minore;Importo aggiudicazione inferiore allo 0,5% del valore progetto;2025-07-18;AGGIUDICATA;;0.0;;;false;;17193183;https://www.opencup.gov.it/portale/progetto/-/cup/I87G22000270001
Lavori pubblici strade;I71B02000030019;5081248A7D;SR69- tratto la Levane a Loc.Acquaviva in variante;Infrastrutture / parcheggi;TOSCANA;AREZZO;MONTEVARCHI;45500000.0;AMMINISTRAZIONE PROVINCIALE DI AREZZO;CONSORZIO COOPERATIVE COSTRUZIONI - CCC SOCIETA' COOPERATIVA IN F ORMA ABBREVIATA CCC - SOCIETA' COOPERATIVA;00281620377;100000.0;0.21978021978021978;Affidamento minore;Importo aggiudicazione inferiore allo 0,5% del valore progetto;2013-04-22;AGGIUDICATA;PREZZO PIU' BASSO;0.0;1;1;true;SOLA ESECUZIONE;593968;https://www.opencup.gov.it/portale/progetto/-/cup/I71B02000030019
Edilizia;E81D22000050003;9029369703;RETE DI DISTRIBUZIONE IDRICA DEL SUB AMBITO 3 DELLA REGIONE UMBRIA;Sanità / RSA;UMBRIA;PERUGIA;BEVAGNA;49934475.0;soggetto privato;STUDIO ASSOCIATO ESSEBI INGEGNERIA - DOTT. ING. RENATO BARRA E DOTT. ING. ROBERTA RUZZON;08439530018;110600.0;0.22149026298964794;Affidamento minore;Importo aggiudicazione inferiore allo 0,5% del valore progetto;2021-11-05;AGGIUDICATA;OFFERTA ECONOMICAMENTE PIÙ VANTAGGIOSA: CRITERIO DEL MINOR PREZZO;10.8;1;1;false;SOLA ESECUZIONE;2111335;https://www.opencup.gov.it/portale/progetto/-/cup/E81D22000050003
Edilizia;F93G22000030001;9769249F4B;38 POLI CIVICI CULTURALI NEI COMUNI DELLAREA METROPOLITANA.;Riqualificazione urbana;LAZIO;ROMA;RIOFREDDO;40975000.0;CITTA' METROPOLITANA DI ROMA CAPITALE;LATEANO PIETRO PAOLO;LTNPRP63T02A801H;101114.66;0.2467715924344112;Affidamento minore;Importo aggiudicazione inferiore allo 0,5% del valore progetto;2023-07-12;AGGIUDICATA;OFFERTA ECONOMICAMENTE PIÙ VANTAGGIOSA: CRITERIO DEL MINOR PREZZO;0.5;1;1;false;SOLA ESECUZIONE;2726760;https://www.opencup.gov.it/portale/progetto/-/cup/F93G22000030001
Lavori pubblici strade;D91B21005300001;B676BFAC66;NUOVO PONTE SUL FIUME ARNO E RELATIVI COLLEGAMENTI VIARI TRA LO SVINCOLO DEL SGC FI-PI-LI DI LASTRA A SIGNA E SIGNA;Infrastrutture / parcheggi;TOSCANA;FIRENZE;SIGNA;49900000.0;REGIONE TOSCANA;AUSILIO S.P.A. (OPERATORE ECONOMICO MONOSOGGETTIVO);01632671200;124395.09;0.24928875751503007;Affidamento minore;Importo aggiudicazione inferiore allo 0,5% del valore progetto;2025-04-11;AGGIUDICATA;;0.0;;;false;;15979991;https://www.opencup.gov.it/portale/progetto/-/cup/D91B21005300001
Impiantisti sottoservizi;F37J22000010007;B198021058;DIGITALIZZAZIONE DELLE RETI ED ALLA RIDUZIONE DELLE PERDITE IDRICHE  CONFERENZA TERRITORIALE N°2  TOSCANA;Ambiente / rifiuti / depurazione;TOSCANA;PISA;VICOPISANO;39690842.0;ACQUE SPA;COSMIC S.R.L. (STAR T -UP COSTITUITA A NORMA DEL C.10BIS DEL D. L. 24 GENNAIO 2015 N.3) (MANDANTE) | NEPTUNE S.R.L. (MANDATARIA);02798700593 | 03070600592;100000.0;0.25194728799152205;Affidamento minore;Importo aggiudicazione inferiore allo 0,5% del valore progetto;2024-05-08;AGGIUDICATA;;0.0;;;false;;11574157;https://www.opencup.gov.it/portale/progetto/-/cup/F37J22000010007
Impiantisti sottoservizi;F37J22000010007;B19803B5CB;DIGITALIZZAZIONE DELLE RETI ED ALLA RIDUZIONE DELLE PERDITE IDRICHE  CONFERENZA TERRITORIALE N°2  TOSCANA;Ambiente / rifiuti / depurazione;TOSCANA;PISA;VICOPISANO;39690842.0;ACQUE SPA;TECNOMB S.R.L. (OPERATORE ECONOMICO MONOSOGGETTIVO);02701740215;100000.0;0.25194728799152205;Affidamento minore;Importo aggiudicazione inferiore allo 0,5% del valore progetto;2024-05-08;AGGIUDICATA;;0.0;;;false;;11578404;https://www.opencup.gov.it/portale/progetto/-/cup/F37J22000010007
Impiantisti sottoservizi;F37J22000010007;B8953C8991;DIGITALIZZAZIONE DELLE RETI ED ALLA RIDUZIONE DELLE PERDITE IDRICHE  CONFERENZA TERRITORIALE N°2  TOSCANA;Ambiente / rifiuti / depurazione;TOSCANA;PISA;VICOPISANO;39690842.0;ACQUE SPA;NA.PI. EDILIZIA ED IMPIANTI S.R.L. (OPERATORE ECONOMICO MONOSOGGETTIVO);01956980500;100000.0;0.25194728799152205;Affidamento minore;Importo aggiudicazione inferiore allo 0,5% del valore progetto;2025-10-09;AGGIUDICATA;;0.0;;;false;;18071627;https://www.opencup.gov.it/portale/progetto/-/cup/F37J22000010007
Impiantisti sottoservizi;F37J22000010007;B7D689078E;DIGITALIZZAZIONE DELLE RETI ED ALLA RIDUZIONE DELLE PERDITE IDRICHE  CONFERENZA TERRITORIALE N°2  TOSCANA;Ambiente / rifiuti / depurazione;TOSCANA;PISA;VICOPISANO;39690842.0;ACQUE SPA;SOLOGAS S.R.L. (OPERATORE ECONOMICO MONOSOGGETTIVO);12402020015;100000.0;0.25194728799152205;Affidamento minore;Importo aggiudicazione inferiore allo 0,5% del valore progetto;2024-01-11;AGGIUDICATA;;0.0;;;false;;17328948;https://www.opencup.gov.it/portale/progetto/-/cup/F37J22000010007
Impiantisti sottoservizi;F37J22000010007;B19800AD59;DIGITALIZZAZIONE DELLE RETI ED ALLA RIDUZIONE DELLE PERDITE IDRICHE  CONFERENZA TERRITORIALE N°2  TOSCANA;Ambiente / rifiuti / depurazione;TOSCANA;PISA;VICOPISANO;39690842.0;ACQUE SPA;TECNOMB S.R.L. (OPERATORE ECONOMICO MONOSOGGETTIVO);02701740215;100000.0;0.25194728799152205;Affidamento minore;Importo aggiudicazione inferiore allo 0,5% del valore progetto;2024-05-08;AGGIUDICATA;;0.0;;;false;;11574755;https://www.opencup.gov.it/portale/progetto/-/cup/F37J22000010007
Edilizia;C12C24000230001;B77DDB0308;RISTRUTTURAZIONE DEL PO SAN DONATO DI AREZZO - 1° LOTTO FUNZIONALE;Riqualificazione urbana;TOSCANA;AREZZO;AREZZO;52632000.0;AZIENDA USL TOSCANA SUD EST;CONSORZIO METIS;93042190509;133358.4;0.25337893296853625;Affidamento minore;Importo aggiudicazione inferiore allo 0,5% del valore progetto;2025-07-01;AGGIUDICATA;;0.0;;;false;;16987631;https://www.opencup.gov.it/portale/progetto/-/cup/C12C24000230001
Edilizia;E81D22000050003;9026876DB7;RETE DI DISTRIBUZIONE IDRICA DEL SUB AMBITO 3 DELLA REGIONE UMBRIA;Sanità / RSA;UMBRIA;PERUGIA;BEVAGNA;49934475.0;soggetto privato;G&V INGEGNERI ASSOCIATI SRL;03365370273;127674.51;0.2556840940051938;Affidamento minore;Importo aggiudicazione inferiore allo 0,5% del valore progetto;2021-11-05;AGGIUDICATA;OFFERTA ECONOMICAMENTE PIÙ VANTAGGIOSA: CRITERIO DEL MINOR PREZZO;10.0;1;1;false;SOLA ESECUZIONE;2111091;https://www.opencup.gov.it/portale/progetto/-/cup/E81D22000050003
Impiantisti sottoservizi;G31B21006920002;B5396908A8;MESSA IN SICUREZZA E AMMODERNAMENTO DEL SISTEMA IDRICO DEL PESCHIERA DL 77/2021 - RADDOPPIO VIII SIFONE -TRATTO CASA VALERIA - USCITA GALLERIA RIPOLI - FASE 1;Ambiente / rifiuti / depurazione;LAZIO;ROMA;TIVOLI;45000000.0;ACEA ATO 2 S.P.A.;ING. MATTEO BRACCIALE (OPERATORE ECONOMICO MONOSOGGETTIVO);BRCMTT88T27D662A;116151.0;0.25811333333333336;Affidamento minore;Importo aggiudicazione inferiore allo 0,5% del valore progetto;2024-10-16;AGGIUDICATA;;0.0;;;false;;14759008;https://www.opencup.gov.it/portale/progetto/-/cup/G31B21006920002
Edilizia;D12H22000010002;9920556DC8;AMPLIAMENTO E RIQUALIFICAZIONE DEL CENTRO DIREZIONALE DI NOVOLI, IN TERRENO DELLA REGIONE TOSCANA IN VIA DI NOVOLI 26 IN FIRENZE;Riqualificazione urbana;TOSCANA;FIRENZE;FIRENZE;53680000.0;REGIONE TOSCANA;GEOMAP S.R.L. - SOCIETA' DI INGEGNERIA;04108890486;138974.0;0.25889344262295083;Affidamento minore;Importo aggiudicazione inferiore allo 0,5% del valore progetto;2023-06-29;AGGIUDICATA;;0.00014;1;1;true;SOLA ESECUZIONE;2708743;https://www.opencup.gov.it/portale/progetto/-/cup/D12H22000010002
Edilizia;E81D22000050003;9527918EA7;RETE DI DISTRIBUZIONE IDRICA DEL SUB AMBITO 3 DELLA REGIONE UMBRIA;Sanità / RSA;UMBRIA;PERUGIA;BEVAGNA;49934475.0;soggetto privato;EBWORLD SRL;00841260417;132000.0;0.26434642599126157;Affidamento minore;Importo aggiudicazione inferiore allo 0,5% del valore progetto;2023-02-28;AGGIUDICATA;OFFERTA ECONOMICAMENTE PIÙ VANTAGGIOSA: CRITERIO DEL MINOR PREZZO;2.0;1;1;false;SOLA ESECUZIONE;2440688;https://www.opencup.gov.it/portale/progetto/-/cup/E81D22000050003
Impiantisti sottoservizi;F88B22001130002;A0228FC720;RETI DISTRIBUZIONE IDRICA CONFERENZA TERRITORIALE TOSCANA 6 OMBRONE;Ambiente / rifiuti / depurazione;TOSCANA;SIENA;ABBADIA SAN SALVATORE;42396157.0;ACQUEDOTTO DEL FIORA SPA;SMAU - GFI S.R.L.;01184230512;113580.0;0.2679016402359299;Affidamento minore;Importo aggiudicazione inferiore allo 0,5% del valore progetto;2023-12-11;AGGIUDICATA;OFFERTA ECONOMICAMENTE PIÙ VANTAGGIOSA: CRITERIO DEL MINOR PREZZO;36.9;1;1;false;SOLA ESECUZIONE;2752654;https://www.opencup.gov.it/portale/progetto/-/cup/F88B22001130002
Edilizia;J31I22000510001;9472622EF3;PORTO DI ANCONA;Riqualificazione urbana;MARCHE;ANCONA;ANCONA;40000000.0;AUTORITA' DI SISTEMA PORTUALE DEL MARE ADRIATICO CENTRALE;"STUDIO ZOPPI INGEGNERIA &AMP; ASSOCIATI";02661730420;108613.66;0.27153415000000003;Affidamento minore;Importo aggiudicazione inferiore allo 0,5% del valore progetto;2022-12-15;AGGIUDICATA;;10.13;1;1;false;SOLA ESECUZIONE;2479629;https://www.opencup.gov.it/portale/progetto/-/cup/J31I22000510001
Edilizia;B85I17000320001;B14EEFF3D1;RIQUALIFICAZIONE DELLE AULE DELLA SAPIENZA UNIVERSITA DI ROMA;Riqualificazione urbana;LAZIO;ROMA;ROMA;48445697.0;"UNIVERSITA' DEGLI STUDI ""LA SAPIENZA""";IM.A.C. IMPRESA APPALTI COSTRUZIONE S.R.L. (OPERATORE ECONOMICO MONOSOGGETTIVO);04013060589;131630.32;0.27170693818276576;Affidamento minore;Importo aggiudicazione inferiore allo 0,5% del valore progetto;2024-04-17;AGGIUDICATA;;0.0;;;false;;11298309;https://www.opencup.gov.it/portale/progetto/-/cup/B85I17000320001
Edilizia;I55E17000050005;86255225ED;NUOVO POLO DI BIOLOGIA;Residenziale pubblico / ERS;TOSCANA;PISA;PISA;42000000.0;UNIVERSITA' DI PISA;ABC SERVICES S.R.L.;06424230487;117178.675;0.27899684523809526;Affidamento minore;Importo aggiudicazione inferiore allo 0,5% del valore progetto;2021-04-13;AGGIUDICATA;OFFERTA ECONOMICAMENTE PIÙ VANTAGGIOSA: CRITERIO DEL MINOR PREZZO;4.57822;3;3;false;;1972732;https://www.opencup.gov.it/portale/progetto/-/cup/I55E17000050005
Impiantisti sottoservizi;F37J22000010007;B8739F3451;DIGITALIZZAZIONE DELLE RETI ED ALLA RIDUZIONE DELLE PERDITE IDRICHE  CONFERENZA TERRITORIALE N°2  TOSCANA;Ambiente / rifiuti / depurazione;TOSCANA;PISA;VICOPISANO;39690842.0;ACQUE SPA;HELIOTY S.R.L. (OPERATORE ECONOMICO MONOSOGGETTIVO);13078580019;112500.0;0.2834406989904623;Affidamento minore;Importo aggiudicazione inferiore allo 0,5% del valore progetto;2025-09-30;AGGIUDICATA;;0.0;;;false;;17941014;https://www.opencup.gov.it/portale/progetto/-/cup/F37J22000010007
Edilizia;I55E17000050005;B71D473742;NUOVO POLO DI BIOLOGIA;Residenziale pubblico / ERS;TOSCANA;PISA;PISA;42000000.0;UNIVERSITA' DI PISA;PASCUCCI MARCO (OPERATORE ECONOMICO MONOSOGGETTIVO);PSCMRC53T26A485V;120000.0;0.2857142857142857;Affidamento minore;Importo aggiudicazione inferiore allo 0,5% del valore progetto;2025-06-03;AGGIUDICATA;;0.0;;;false;;16618812;https://www.opencup.gov.it/portale/progetto/-/cup/I55E17000050005
Impiantisti sottoservizi;F83E17000070005;86928449CB;ACQUEDOTTO DEL PESCARA - VARIANTE DI TRACCIATO E MESSA IN SICUREZZA NEL TRATTO CAPODACQUA BORGO DARQUATA;Ambiente / rifiuti / depurazione;LAZIO;RIETI;ACCUMOLI;35863216.0;CICLI INTEGRATI IMPIANTI PRIMARI SPA;AGOSTINI S.R.L.;01380280444;103482.706;0.2885483164700009;Affidamento minore;Importo aggiudicazione inferiore allo 0,5% del valore progetto;2021-05-19;AGGIUDICATA;OFFERTA ECONOMICAMENTE PIÙ VANTAGGIOSA: CRITERIO DEL MINOR PREZZO;14.516;11;12;true;SOLA ESECUZIONE;1968856;https://www.opencup.gov.it/portale/progetto/-/cup/F83E17000070005
Edilizia;F93G22000030001;98137724D9;38 POLI CIVICI CULTURALI NEI COMUNI DELLAREA METROPOLITANA.;Riqualificazione urbana;LAZIO;ROMA;RIOFREDDO;40975000.0;CITTA' METROPOLITANA DI ROMA CAPITALE;MINNUCCI ASSOCIATI S.R.L. (MANDATARIA) | MECALI ALESSANDRO (MANDANTE);10956281009 | MCLLSN77H05B114V;120092.121;0.2930863233679073;Affidamento minore;Importo aggiudicazione inferiore allo 0,5% del valore progetto;2023-07-12;AGGIUDICATA;OFFERTA ECONOMICAMENTE PIÙ VANTAGGIOSA: CRITERIO DEL MINOR PREZZO;1.22;1;1;false;SOLA ESECUZIONE;2726504;https://www.opencup.gov.it/portale/progetto/-/cup/F93G22000030001
Impiantisti sottoservizi;C68B22000170005;B5F52F6783;INTERVENTO INTEGRATO PER LEFFICIENTAMENTO DELLE RETI DI DISTRIBUZIONE DI ALCUNI COMUNI DELLAMBITO TERRITORIALE OTTIMALE N. 5 LAZIO MERIDIONALE - FROSINONE;Ambiente / rifiuti / depurazione;LAZIO;FROSINONE;CASSINO;33390000.0;ACEA ATO 5 SPA;S.E.L. SOCIETA' A RESPONSABILITA' LIMITATA SEMPLIFICATA (OPERATORE ECONOMICO MONOSOGGETTIVO);15541791008;100000.0;0.2994908655286014;Affidamento minore;Importo aggiudicazione inferiore allo 0,5% del valore progetto;2025-03-07;AGGIUDICATA;;0.0;;;false;;15478492;https://www.opencup.gov.it/portale/progetto/-/cup/C68B22000170005
Edilizia;B85I17000320001;99699528A8;RIQUALIFICAZIONE DELLE AULE DELLA SAPIENZA UNIVERSITA DI ROMA;Riqualificazione urbana;LAZIO;ROMA;ROMA;48445697.0;"UNIVERSITA' DEGLI STUDI ""LA SAPIENZA""";TECNOCOSTRUZIONI S.R.L.;04178910610;146568.55;0.3025419367998772;Affidamento minore;Importo aggiudicazione inferiore allo 0,5% del valore progetto;2023-08-09;AGGIUDICATA;;0.0;1;1;false;SOLA ESECUZIONE;2677977;https://www.opencup.gov.it/portale/progetto/-/cup/B85I17000320001
Impiantisti sottoservizi;D92E22000110002;9970275336;EFFICIENTAMENTO RETE IDRICA, DIGITALIZZAZIONE, RIDUZIONE DELLE PERDITE: RETE IDRICA GESTITA DA VIVA SERVIZI SPA PER I COMUNI DI ANCONA- FALCONARA, SENIGALLIA, JESI, FABRIANO, MATELICA, SASSOFERRATO;Ambiente / rifiuti / depurazione;MARCHE;ANCONA;ANCONA;32471144.0;soggetto privato;ELLIOT CLOUD S.L.;B71404750;100000.0;0.3079657433689432;Affidamento minore;Importo aggiudicazione inferiore allo 0,5% del valore progetto;2023-08-22;AGGIUDICATA;OFFERTA ECONOMICAMENTE PIÙ VANTAGGIOSA: CRITERIO DEL MINOR PREZZO;0.0;1;1;false;SOLA ESECUZIONE;2607072;https://www.opencup.gov.it/portale/progetto/-/cup/D92E22000110002
Impiantisti sottoservizi;F37J22000010007;B6EA8DD954;DIGITALIZZAZIONE DELLE RETI ED ALLA RIDUZIONE DELLE PERDITE IDRICHE  CONFERENZA TERRITORIALE N°2  TOSCANA;Ambiente / rifiuti / depurazione;TOSCANA;PISA;VICOPISANO;39690842.0;ACQUE SPA;GIULIANI PIERO S.R.L. (OPERATORE ECONOMICO MONOSOGGETTIVO);01940350505;122421.66;0.308438052284202;Affidamento minore;Importo aggiudicazione inferiore allo 0,5% del valore progetto;2025-01-16;AGGIUDICATA;;0.0;;;false;;16421706;https://www.opencup.gov.it/portale/progetto/-/cup/F37J22000010007
Edilizia;I94F22000040001;B118780565;RIQUALIFICAZIONE DI EDIFICI PATRIMONIO ERP - SUPERBONUS 110% - LOTTO 1 ASCOLI PICENO;Riqualificazione urbana;MARCHE;ASCOLI PICENO;ASCOLI PICENO;43088033.0;ENTE REGIONALE PER L'ABITAZIONE PUBBLICA MARCHE;M. & A. S.R.L. - SOCIETA' DI INGEGNERIA (OPERATORE ECONOMICO MONOSOGGETTIVO);02135950687;133114.65;0.30893647431062815;Affidamento minore;Importo aggiudicazione inferiore allo 0,5% del valore progetto;2024-04-04;AGGIUDICATA;;0.0;;;false;;11075333;https://www.opencup.gov.it/portale/progetto/-/cup/I94F22000040001
Edilizia;I94F22000040001;B14DEACB30;RIQUALIFICAZIONE DI EDIFICI PATRIMONIO ERP - SUPERBONUS 110% - LOTTO 1 ASCOLI PICENO;Riqualificazione urbana;MARCHE;ASCOLI PICENO;ASCOLI PICENO;43088033.0;ENTE REGIONALE PER L'ABITAZIONE PUBBLICA MARCHE;ZAMPINI ING.PIERLUIGI (OPERATORE ECONOMICO MONOSOGGETTIVO);ZMPPLG51H20A462N;137061.6;0.31809667431326005;Affidamento minore;Importo aggiudicazione inferiore allo 0,5% del valore progetto;2024-04-17;AGGIUDICATA;;0.0;;;false;;11294358;https://www.opencup.gov.it/portale/progetto/-/cup/I94F22000040001
Impiantisti sottoservizi;D92E22000110002;9884094466;EFFICIENTAMENTO RETE IDRICA, DIGITALIZZAZIONE, RIDUZIONE DELLE PERDITE: RETE IDRICA GESTITA DA VIVA SERVIZI SPA PER I COMUNI DI ANCONA- FALCONARA, SENIGALLIA, JESI, FABRIANO, MATELICA, SASSOFERRATO;Ambiente / rifiuti / depurazione;MARCHE;ANCONA;ANCONA;32471144.0;soggetto privato;AC.MO S.R.L.;00335950267;103533.0;0.31884617308216795;Affidamento minore;Importo aggiudicazione inferiore allo 0,5% del valore progetto;2023-09-11;AGGIUDICATA;OFFERTA ECONOMICAMENTE PIÙ VANTAGGIOSA: CRITERIO DEL MINOR PREZZO;1.0002;1;2;false;SOLA ESECUZIONE;2599043;https://www.opencup.gov.it/portale/progetto/-/cup/D92E22000110002
Edilizia;E81D22000050003;98475929FD;RETE DI DISTRIBUZIONE IDRICA DEL SUB AMBITO 3 DELLA REGIONE UMBRIA;Sanità / RSA;UMBRIA;PERUGIA;BEVAGNA;49934475.0;soggetto privato;EBWORLD SRL;00841260417;160000.0;0.32041991029243827;Affidamento minore;Importo aggiudicazione inferiore allo 0,5% del valore progetto;2023-05-24;AGGIUDICATA;;0.0;1;1;false;SOLA ESECUZIONE;2776499;https://www.opencup.gov.it/portale/progetto/-/cup/E81D22000050003
Edilizia;J81B22001940006;B249144ACC;PROGETTO CINECITTÀ CINECITTÀ S.P.A.;Cultura / centri civici;LAZIO;ROMA;ROMA;34350000.0;soggetto privato;MILIARIS CR S.R.L. (OPERATORE ECONOMICO MONOSOGGETTIVO);14852321000;110541.6;0.3218096069868996;Affidamento minore;Importo aggiudicazione inferiore allo 0,5% del valore progetto;2024-06-25;AGGIUDICATA;;0.0;;;false;;12249167;https://www.opencup.gov.it/portale/progetto/-/cup/J81B22001940006
Impiantisti sottoservizi;D92E22000110002;9833583168;EFFICIENTAMENTO RETE IDRICA, DIGITALIZZAZIONE, RIDUZIONE DELLE PERDITE: RETE IDRICA GESTITA DA VIVA SERVIZI SPA PER I COMUNI DI ANCONA- FALCONARA, SENIGALLIA, JESI, FABRIANO, MATELICA, SASSOFERRATO;Ambiente / rifiuti / depurazione;MARCHE;ANCONA;ANCONA;32471144.0;soggetto privato;LABELAB SRL;02151361207;105000.0;0.3233640305373904;Affidamento minore;Importo aggiudicazione inferiore allo 0,5% del valore progetto;2023-06-01;AGGIUDICATA;OFFERTA ECONOMICAMENTE PIÙ VANTAGGIOSA: CRITERIO DEL MINOR PREZZO;0.0;1;1;false;SOLA ESECUZIONE;2592028;https://www.opencup.gov.it/portale/progetto/-/cup/D92E22000110002
Impiantisti sottoservizi;F37J22000010007;B873951E9E;DIGITALIZZAZIONE DELLE RETI ED ALLA RIDUZIONE DELLE PERDITE IDRICHE  CONFERENZA TERRITORIALE N°2  TOSCANA;Ambiente / rifiuti / depurazione;TOSCANA;PISA;VICOPISANO;39690842.0;ACQUE SPA;NA.PI. EDILIZIA ED IMPIANTI S.R.L. (OPERATORE ECONOMICO MONOSOGGETTIVO);01956980500;129182.3;0.325471301415072;Affidamento minore;Importo aggiudicazione inferiore allo 0,5% del valore progetto;2025-09-30;AGGIUDICATA;;0.0;;;false;;17940747;https://www.opencup.gov.it/portale/progetto/-/cup/F37J22000010007
Impiantisti sottoservizi;F88B22001130002;A022917D66;RETI DISTRIBUZIONE IDRICA CONFERENZA TERRITORIALE TOSCANA 6 OMBRONE;Ambiente / rifiuti / depurazione;TOSCANA;SIENA;ABBADIA SAN SALVATORE;42396157.0;ACQUEDOTTO DEL FIORA SPA;T.I.S. SERVICE S.P.A.;01521580165;139000.0;0.3278599048493947;Affidamento minore;Importo aggiudicazione inferiore allo 0,5% del valore progetto;2023-12-22;AGGIUDICATA;OFFERTA ECONOMICAMENTE PIÙ VANTAGGIOSA: CRITERIO DEL MINOR PREZZO;70.0;2;2;false;SOLA ESECUZIONE;2740907;https://www.opencup.gov.it/portale/progetto/-/cup/F88B22001130002
Edilizia;J84F25000270007;B6F37112DE;CONTRATTO DI PARTENARIATO PUBBLICO PRIVATO AVENTE AD OGGETTO LA RIQUALIFICAZIONE ENERGETICA ED EDILIZIA DEL PATRIMONIO DI EDILIZIA RESIDENZIALE PUBBLICA DEL COMUNE DI ROMA CAPITALE.;Riqualificazione urbana;LAZIO;ROMA;ROMA;41000000.0;ROMA CAPITALE;DE.MA. ENGINEERING S.R.L. (OPERATORE ECONOMICO MONOSOGGETTIVO);10101711009;135000.0;0.32926829268292684;Affidamento minore;Importo aggiudicazione inferiore allo 0,5% del valore progetto;2025-05-21;AGGIUDICATA;;0.0;;;false;;16455734;https://www.opencup.gov.it/portale/progetto/-/cup/J84F25000270007
Edilizia;F93G22000030001;9890789948;38 POLI CIVICI CULTURALI NEI COMUNI DELLAREA METROPOLITANA.;Riqualificazione urbana;LAZIO;ROMA;RIOFREDDO;40975000.0;CITTA' METROPOLITANA DI ROMA CAPITALE;MIRTI CLAUDIO IN LIQUIDAZIONE;MRTCLD52T02G022C;135300.48;0.33020251372788284;Affidamento minore;Importo aggiudicazione inferiore allo 0,5% del valore progetto;2023-08-03;AGGIUDICATA;OFFERTA ECONOMICAMENTE PIÙ VANTAGGIOSA: CRITERIO DEL MINOR PREZZO;2.5;1;1;false;SOLA ESECUZIONE;2722510;https://www.opencup.gov.it/portale/progetto/-/cup/F93G22000030001
Lavori pubblici strade;G11B22001380009;962085223B;CICLOVIA;Infrastrutture / parcheggi;TOSCANA;MASSA-CARRARA;FOSDINOVO;32293480.0;REGIONE LIGURIA;FLOW-ING S.R.L.;01180870113;108053.96;0.3345999254338647;Affidamento minore;Importo aggiudicazione inferiore allo 0,5% del valore progetto;2022-10-26;AGGIUDICATA;OFFERTA ECONOMICAMENTE PIÙ VANTAGGIOSA: CRITERIO DEL MINOR PREZZO;22.0;1;1;false;SOLA ESECUZIONE;2391808;https://www.opencup.gov.it/portale/progetto/-/cup/G11B22001380009
Edilizia;I12C21000330001;9718743071;IMMOBILE EX OSPEDALE S. FLORIDO, SITO IN CITTA' DI CASTELLO;Sanità / RSA;UMBRIA;PERUGIA;CITTA' DI CASTELLO;32665000.0;REGIONE UMBRIA;SOCIETA' TRA PROFESSIONISTI LARINNI MASSIMILIANO E ASSOCIATI S.N. C. (MANDATARIA) | STUDIO TECNICO ING. GINO VENTURUCCI (MANDANTE) | PECORAI FILIPPO (MANDANTE);03412040481 | 05687630482 | PCRFPP89E01I155V;109888.464;0.33641042093984386;Affidamento minore;Importo aggiudicazione inferiore allo 0,5% del valore progetto;2023-08-29;AGGIUDICATA;OFFERTA ECONOMICAMENTE PIÙ VANTAGGIOSA: CRITERIO DEL MINOR PREZZO;44.0;7;8;false;SOLA ESECUZIONE;2794910;https://www.opencup.gov.it/portale/progetto/-/cup/I12C21000330001
Lavori pubblici strade;G11B22001380009;B471D97C02;CICLOVIA;Infrastrutture / parcheggi;TOSCANA;MASSA-CARRARA;FOSDINOVO;32293480.0;REGIONE LIGURIA;STUDIO BALLERINI INGEGNERI ASSOCIATI - ING.BRUNO BALLERINI E ING. ENRICA BALLERINI (OPERATORE ECONOMICO MONOSOGGETTIVO);02555620992;109457.68;0.33894668521323806;Affidamento minore;Importo aggiudicazione inferiore allo 0,5% del valore progetto;2024-11-18;AGGIUDICATA;;0.0;;;false;;13989933;https://www.opencup.gov.it/portale/progetto/-/cup/G11B22001380009
Lavori pubblici strade;F81J22000040005;B412AA1284;CORPO ARGINALE E ALVEO DEL FIUME TEVERE NEL TRATTO COMPRESO TRA PONTE MARCONI E LA FOCE;Infrastrutture / parcheggi;LAZIO;ROMA;ROMA;30000000.0;REGIONE LAZIO;ECOSOIL S.R.L. (OPERATORE ECONOMICO MONOSOGGETTIVO);02347600187;103614.06;0.34538019999999997;Affidamento minore;Importo aggiudicazione inferiore allo 0,5% del valore progetto;2024-12-10;AGGIUDICATA;;23.2;1;1;false;SOLA ESECUZIONE;16105293;https://www.opencup.gov.it/portale/progetto/-/cup/F81J22000040005
Edilizia;E81D22000050003;B2B7776D7A;RETE DI DISTRIBUZIONE IDRICA DEL SUB AMBITO 3 DELLA REGIONE UMBRIA;Sanità / RSA;UMBRIA;PERUGIA;BEVAGNA;49934475.0;soggetto privato;EBWORLD SRL (OPERATORE ECONOMICO MONOSOGGETTIVO);00841260417;172900.0;0.34625376555976606;Affidamento minore;Importo aggiudicazione inferiore allo 0,5% del valore progetto;2024-08-06;AGGIUDICATA;;0.0;;;false;;12665243;https://www.opencup.gov.it/portale/progetto/-/cup/E81D22000050003
Edilizia;B85I17000320001;7493471FE0;RIQUALIFICAZIONE DELLE AULE DELLA SAPIENZA UNIVERSITA DI ROMA;Riqualificazione urbana;LAZIO;ROMA;ROMA;48445697.0;"UNIVERSITA' DEGLI STUDI ""LA SAPIENZA""";BURLANDI FRANCO S.R.L.;04571101007;168455.584;0.3477204260266913;Affidamento minore;Importo aggiudicazione inferiore allo 0,5% del valore progetto;2018-10-16;AGGIUDICATA;PREZZO PIU' BASSO;30.89;10;10;true;SOLA ESECUZIONE;2360201;https://www.opencup.gov.it/portale/progetto/-/cup/B85I17000320001
Impiantisti sottoservizi;C68B22000170005;B35862A3D2;INTERVENTO INTEGRATO PER LEFFICIENTAMENTO DELLE RETI DI DISTRIBUZIONE DI ALCUNI COMUNI DELLAMBITO TERRITORIALE OTTIMALE N. 5 LAZIO MERIDIONALE - FROSINONE;Ambiente / rifiuti / depurazione;LAZIO;FROSINONE;CASSINO;33390000.0;ACEA ATO 5 SPA;ACEA INFRASTRUCTURE S.P.A. (OPERATORE ECONOMICO MONOSOGGETTIVO);04284731009;116194.82;0.34799287211740043;Affidamento minore;Importo aggiudicazione inferiore allo 0,5% del valore progetto;2024-09-13;AGGIUDICATA;;0.0;;;false;;13283866;https://www.opencup.gov.it/portale/progetto/-/cup/C68B22000170005
Impiantisti sottoservizi;C68B22000170005;B35862B4A5;INTERVENTO INTEGRATO PER LEFFICIENTAMENTO DELLE RETI DI DISTRIBUZIONE DI ALCUNI COMUNI DELLAMBITO TERRITORIALE OTTIMALE N. 5 LAZIO MERIDIONALE - FROSINONE;Ambiente / rifiuti / depurazione;LAZIO;FROSINONE;CASSINO;33390000.0;ACEA ATO 5 SPA;ACEA INFRASTRUCTURE S.P.A. (OPERATORE ECONOMICO MONOSOGGETTIVO);04284731009;116194.82;0.34799287211740043;Affidamento minore;Importo aggiudicazione inferiore allo 0,5% del valore progetto;2024-09-13;AGGIUDICATA;;0.0;;;false;;13283866;https://www.opencup.gov.it/portale/progetto/-/cup/C68B22000170005
Edilizia;J81B22001940006;9491977337;PROGETTO CINECITTÀ CINECITTÀ S.P.A.;Cultura / centri civici;LAZIO;ROMA;ROMA;34350000.0;soggetto privato;''MGA EDILIZIA S.R.L.'';14930831004;120000.0;0.34934497816593885;Affidamento minore;Importo aggiudicazione inferiore allo 0,5% del valore progetto;2022-11-17;AGGIUDICATA;;0.0;1;1;false;SOLA ESECUZIONE;2623322;https://www.opencup.gov.it/portale/progetto/-/cup/J81B22001940006
Lavori pubblici strade;B81B23000590003;B47DF1BDB5;NUOVA REALIZZAZIONE BRETELLA DI OSIMO (AN).;Infrastrutture / parcheggi;MARCHE;ANCONA;OSIMO;35000000.0;REGIONE MARCHE;VEGA ENGINEERING S.R.L. - UNIPERSONALE (OPERATORE ECONOMICO MONOSOGGETTIVO);07318770968;125000.0;0.35714285714285715;Affidamento minore;Importo aggiudicazione inferiore allo 0,5% del valore progetto;2024-11-27;AGGIUDICATA;;0.0;;;false;;14038903;https://www.opencup.gov.it/portale/progetto/-/cup/B81B23000590003
Impiantisti sottoservizi;D92E22000110002;9967293662;EFFICIENTAMENTO RETE IDRICA, DIGITALIZZAZIONE, RIDUZIONE DELLE PERDITE: RETE IDRICA GESTITA DA VIVA SERVIZI SPA PER I COMUNI DI ANCONA- FALCONARA, SENIGALLIA, JESI, FABRIANO, MATELICA, SASSOFERRATO;Ambiente / rifiuti / depurazione;MARCHE;ANCONA;ANCONA;32471144.0;soggetto privato;DHI S.R.L.;07741870013;116250.0;0.3580101766663965;Affidamento minore;Importo aggiudicazione inferiore allo 0,5% del valore progetto;2023-08-22;AGGIUDICATA;OFFERTA ECONOMICAMENTE PIÙ VANTAGGIOSA: CRITERIO DEL MINOR PREZZO;0.0;1;1;false;SOLA ESECUZIONE;2593630;https://www.opencup.gov.it/portale/progetto/-/cup/D92E22000110002
Impiantisti sottoservizi;F37J22000010007;B0901BB163;DIGITALIZZAZIONE DELLE RETI ED ALLA RIDUZIONE DELLE PERDITE IDRICHE  CONFERENZA TERRITORIALE N°2  TOSCANA;Ambiente / rifiuti / depurazione;TOSCANA;PISA;VICOPISANO;39690842.0;ACQUE SPA;CASTAF S.R.L. (OPERATORE ECONOMICO MONOSOGGETTIVO);00973060502;142234.88;0.35835692273799585;Affidamento minore;Importo aggiudicazione inferiore allo 0,5% del valore progetto;2024-02-25;AGGIUDICATA;;0.0;;;false;;10555017;https://www.opencup.gov.it/portale/progetto/-/cup/F37J22000010007
Edilizia;B88E18000030005;9003145E46;UNIVERSITA' LA SAPIENZA - AREA GESTIONE EDILIZIA;Scuole / formazione;LAZIO;ROMA;ROMA;39386500.0;"UNIVERSITA' DEGLI STUDI ""LA SAPIENZA""";SIT SOCIETA' ITALIANA TECNOLOGICA S.R.L.;12266081004;141362.697;0.3589115483731735;Affidamento minore;Importo aggiudicazione inferiore allo 0,5% del valore progetto;2022-02-02;AGGIUDICATA;;5.0;1;1;false;SOLA ESECUZIONE;2342747;https://www.opencup.gov.it/portale/progetto/-/cup/B88E18000030005
Edilizia;B87G19000000005;7891555D30;RIQUALIFICAZIONE GENERALE PRINCIPE UMBERTO;Riqualificazione urbana;LAZIO;ROMA;ROMA;39000000.0;ISTITUTO POLIGRAFICO E ZECCA DELLO STATO S.P.A.;ITS HOLDING S.R.L.;08202940584;140021.42;0.3590292820512821;Affidamento minore;Importo aggiudicazione inferiore allo 0,5% del valore progetto;2019-11-26;AGGIUDICATA;OFFERTA ECONOMICAMENTE PIU' VANTAGGIOSA;69.91;8;8;false;SOLA ESECUZIONE;1691248;https://www.opencup.gov.it/portale/progetto/-/cup/B87G19000000005
Edilizia;C35F21000210008;9250874EB6;INTERVENTO DI RECUPERO DI PALAZZO SALADINI PILASTRI;Sanità / RSA;MARCHE;ASCOLI PICENO;ASCOLI PICENO;33411252.0;COMUNE DI ASCOLI PICENO - AP -;RINA CHECK S.R.L.;01927190999;121139.48;0.3625709087465504;Affidamento minore;Importo aggiudicazione inferiore allo 0,5% del valore progetto;2022-08-26;AGGIUDICATA;OFFERTA ECONOMICAMENTE PIÙ VANTAGGIOSA: MIGLIOR RAPPORTO QUALITÀ / PREZZO;59.986;1;1;false;SOLA ESECUZIONE;2317859;https://www.opencup.gov.it/portale/progetto/-/cup/C35F21000210008
Lavori pubblici strade;I71B02000030019;5864152351;SR69- tratto la Levane a Loc.Acquaviva in variante;Infrastrutture / parcheggi;TOSCANA;AREZZO;MONTEVARCHI;45500000.0;AMMINISTRAZIONE PROVINCIALE DI AREZZO;NET ENGINEERING S.R.L. (MANDANTE) | CHIARINI ASSOCIATI -INGEGNERIA CIVILE E AMBIENTALE DEGLI INGEGNERI CHIARINI REMO, CONVERTINO COSIMO, BIGAZZI LUIGI, BERNI ALESSANDRO E CHIARINI ANDREA (MANDATARIA);01914700511 | 80018830382;167000.0;0.367032967032967;Affidamento minore;Importo aggiudicazione inferiore allo 0,5% del valore progetto;2014-07-24;AGGIUDICATA;PREZZO PIU' BASSO;0.0;1;1;false;SOLA ESECUZIONE;714109;https://www.opencup.gov.it/portale/progetto/-/cup/I71B02000030019
Edilizia;I65F23000090005;9738409555;AZIENDA OSPEDALIERA UNIVERSITARIA SENESE OSPEDALE SANTA MARIA ALLE SCOTTE;Sanità / RSA;TOSCANA;SIENA;SIENA;47300400.0;AZIENDA OSPEDALIERA UNIVERSITARIA SENESE;ATIPROJECT S.R.L.;02255140507;174506.17;0.3689317003661703;Affidamento minore;Importo aggiudicazione inferiore allo 0,5% del valore progetto;2023-10-25;AGGIUDICATA;OFFERTA ECONOMICAMENTE PIÙ VANTAGGIOSA: MIGLIOR RAPPORTO QUALITÀ / PREZZO;39.16;9;9;false;SOLA ESECUZIONE;2844254;https://www.opencup.gov.it/portale/progetto/-/cup/I65F23000090005
Impiantisti sottoservizi;F37J22000010007;B4E6FEFDE6;DIGITALIZZAZIONE DELLE RETI ED ALLA RIDUZIONE DELLE PERDITE IDRICHE  CONFERENZA TERRITORIALE N°2  TOSCANA;Ambiente / rifiuti / depurazione;TOSCANA;PISA;VICOPISANO;39690842.0;ACQUE SPA;TENCI TULLIO S.R.L. (OPERATORE ECONOMICO MONOSOGGETTIVO);00797300530;148376.9995;0.37383182624344424;Affidamento minore;Importo aggiudicazione inferiore allo 0,5% del valore progetto;2025-02-13;AGGIUDICATA;OFFERTA ECONOMICAMENTE PIÙ VANTAGGIOSA: CRITERIO DEL MINOR PREZZO;11.75;2;2;false;;16830430;https://www.opencup.gov.it/portale/progetto/-/cup/F37J22000010007
Impiantisti sottoservizi;F37J22000010007;B6F8E426BC;DIGITALIZZAZIONE DELLE RETI ED ALLA RIDUZIONE DELLE PERDITE IDRICHE  CONFERENZA TERRITORIALE N°2  TOSCANA;Ambiente / rifiuti / depurazione;TOSCANA;PISA;VICOPISANO;39690842.0;ACQUE SPA;ENER-SERVICES GAS S.R.L. (OPERATORE ECONOMICO MONOSOGGETTIVO);05258651214;150000.0;0.3779209319872831;Affidamento minore;Importo aggiudicazione inferiore allo 0,5% del valore progetto;2025-05-22;AGGIUDICATA;;0.0;;;false;;16477054;https://www.opencup.gov.it/portale/progetto/-/cup/F37J22000010007
Impiantisti sottoservizi;F37J22000010007;B6F8DAEC98;DIGITALIZZAZIONE DELLE RETI ED ALLA RIDUZIONE DELLE PERDITE IDRICHE  CONFERENZA TERRITORIALE N°2  TOSCANA;Ambiente / rifiuti / depurazione;TOSCANA;PISA;VICOPISANO;39690842.0;ACQUE SPA;V. BARBAGLI - S.R.L. (OPERATORE ECONOMICO MONOSOGGETTIVO);00445620487;150000.0;0.3779209319872831;Affidamento minore;Importo aggiudicazione inferiore allo 0,5% del valore progetto;2025-05-22;AGGIUDICATA;;0.0;;;false;;16476804;https://www.opencup.gov.it/portale/progetto/-/cup/F37J22000010007
Impiantisti sottoservizi;F37J22000010007;B6F8C69069;DIGITALIZZAZIONE DELLE RETI ED ALLA RIDUZIONE DELLE PERDITE IDRICHE  CONFERENZA TERRITORIALE N°2  TOSCANA;Ambiente / rifiuti / depurazione;TOSCANA;PISA;VICOPISANO;39690842.0;ACQUE SPA;MAJOR TECHNO SERVICE SRLS (CONSORZIATO ESECUTORE DI UN CONSORZIO O CONSORZIATO NON ESECUTORE CHE FORNISCE REQUISITI AL CONSORZIO) | CONSORZIO SERVIZI QUALIFICATI (CONSORZIO STABILE);02406830501 | 03364880108;150000.0;0.3779209319872831;Affidamento minore;Importo aggiudicazione inferiore allo 0,5% del valore progetto;2025-05-22;AGGIUDICATA;;0.0;;;false;;16476455;https://www.opencup.gov.it/portale/progetto/-/cup/F37J22000010007
Impiantisti sottoservizi;D92E22000110002;99765952A4;EFFICIENTAMENTO RETE IDRICA, DIGITALIZZAZIONE, RIDUZIONE DELLE PERDITE: RETE IDRICA GESTITA DA VIVA SERVIZI SPA PER I COMUNI DI ANCONA- FALCONARA, SENIGALLIA, JESI, FABRIANO, MATELICA, SASSOFERRATO;Ambiente / rifiuti / depurazione;MARCHE;ANCONA;ANCONA;32471144.0;soggetto privato;FAST S.P.A.;01130230368;122740.0;0.3779971534110409;Affidamento minore;Importo aggiudicazione inferiore allo 0,5% del valore progetto;2023-08-22;AGGIUDICATA;OFFERTA ECONOMICAMENTE PIÙ VANTAGGIOSA: CRITERIO DEL MINOR PREZZO;0.0;1;1;false;SOLA ESECUZIONE;2598389;https://www.opencup.gov.it/portale/progetto/-/cup/D92E22000110002
Edilizia;J81B22001940006;987321746A;PROGETTO CINECITTÀ CINECITTÀ S.P.A.;Cultura / centri civici;LAZIO;ROMA;ROMA;34350000.0;soggetto privato;EURO ENGINEERING - S.R.L.;07447531000;130000.0;0.37845705967976706;Affidamento minore;Importo aggiudicazione inferiore allo 0,5% del valore progetto;2023-09-27;AGGIUDICATA;OFFERTA ECONOMICAMENTE PIÙ VANTAGGIOSA: CRITERIO DEL MINOR PREZZO;0.0;1;1;false;SOLA ESECUZIONE;2850657;https://www.opencup.gov.it/portale/progetto/-/cup/J81B22001940006
Lavori pubblici strade;D31B19000200003;A026B1D960;SR 429;Infrastrutture / parcheggi;TOSCANA;FIRENZE;CASTELFIORENTINO;30100000.0;REGIONE TOSCANA;C.C.M. S.R.L.;03646110613;114140.14;0.37920312292358804;Affidamento minore;Importo aggiudicazione inferiore allo 0,5% del valore progetto;2023-12-01;AGGIUDICATA;OFFERTA ECONOMICAMENTE PIÙ VANTAGGIOSA: CRITERIO DEL MINOR PREZZO;0.0;1;1;false;SOLA ESECUZIONE;2688715;https://www.opencup.gov.it/portale/progetto/-/cup/D31B19000200003
Impiantisti sottoservizi;D92E22000110002;9982559C47;EFFICIENTAMENTO RETE IDRICA, DIGITALIZZAZIONE, RIDUZIONE DELLE PERDITE: RETE IDRICA GESTITA DA VIVA SERVIZI SPA PER I COMUNI DI ANCONA- FALCONARA, SENIGALLIA, JESI, FABRIANO, MATELICA, SASSOFERRATO;Ambiente / rifiuti / depurazione;MARCHE;ANCONA;ANCONA;32471144.0;soggetto privato;SPATIAL INSIGHT B.V.;NL855825972B01;123750.0;0.38110760741906724;Affidamento minore;Importo aggiudicazione inferiore allo 0,5% del valore progetto;2023-08-22;AGGIUDICATA;OFFERTA ECONOMICAMENTE PIÙ VANTAGGIOSA: CRITERIO DEL MINOR PREZZO;0.0;1;1;false;SOLA ESECUZIONE;2596362;https://www.opencup.gov.it/portale/progetto/-/cup/D92E22000110002
Impiantisti sottoservizi;C68B22000170005;B6C3FECB97;INTERVENTO INTEGRATO PER LEFFICIENTAMENTO DELLE RETI DI DISTRIBUZIONE DI ALCUNI COMUNI DELLAMBITO TERRITORIALE OTTIMALE N. 5 LAZIO MERIDIONALE - FROSINONE;Ambiente / rifiuti / depurazione;LAZIO;FROSINONE;CASSINO;33390000.0;ACEA ATO 5 SPA;ALMAVIVA - THE ITALIAN INNOVATION COMPANY S.P.A. IN BREVE ALMAVIVA S.P.A. (OPERATORE ECONOMICO MONOSOGGETTIVO);08450891000;127600.0;0.38215034441449536;Affidamento minore;Importo aggiudicazione inferiore allo 0,5% del valore progetto;2025-05-08;AGGIUDICATA;;0.0;;;false;;16272568;https://www.opencup.gov.it/portale/progetto/-/cup/C68B22000170005
Impiantisti sottoservizi;D92E22000110002;99908137B3;EFFICIENTAMENTO RETE IDRICA, DIGITALIZZAZIONE, RIDUZIONE DELLE PERDITE: RETE IDRICA GESTITA DA VIVA SERVIZI SPA PER I COMUNI DI ANCONA- FALCONARA, SENIGALLIA, JESI, FABRIANO, MATELICA, SASSOFERRATO;Ambiente / rifiuti / depurazione;MARCHE;ANCONA;ANCONA;32471144.0;soggetto privato;ELLIOT CLOUD S.L.;B71404750;125000.0;0.384957179211179;Affidamento minore;Importo aggiudicazione inferiore allo 0,5% del valore progetto;2023-08-22;AGGIUDICATA;OFFERTA ECONOMICAMENTE PIÙ VANTAGGIOSA: CRITERIO DEL MINOR PREZZO;0.0;1;1;false;SOLA ESECUZIONE;2607188;https://www.opencup.gov.it/portale/progetto/-/cup/D92E22000110002
Impiantisti sottoservizi;D92E22000110002;99021508AD;EFFICIENTAMENTO RETE IDRICA, DIGITALIZZAZIONE, RIDUZIONE DELLE PERDITE: RETE IDRICA GESTITA DA VIVA SERVIZI SPA PER I COMUNI DI ANCONA- FALCONARA, SENIGALLIA, JESI, FABRIANO, MATELICA, SASSOFERRATO;Ambiente / rifiuti / depurazione;MARCHE;ANCONA;ANCONA;32471144.0;soggetto privato;C.P.C. INOX S.P.A.;02801530961;125000.0;0.384957179211179;Affidamento minore;Importo aggiudicazione inferiore allo 0,5% del valore progetto;2023-09-06;AGGIUDICATA;OFFERTA ECONOMICAMENTE PIÙ VANTAGGIOSA: CRITERIO DEL MINOR PREZZO;1.1076;1;2;false;SOLA ESECUZIONE;2602484;https://www.opencup.gov.it/portale/progetto/-/cup/D92E22000110002
Edilizia;H34D22001100006;B984700BB2;PIANO PER LO SVILUPPO EDILIZIO - CAMPUS E. MATTEI;Riqualificazione urbana;MARCHE;PESARO E URBINO;URBINO;28093000.0;UNIVERSITÀ DEGLI STUDI DI URBINO CARLO BO;SALA BRUNO (OPERATORE ECONOMICO MONOSOGGETTIVO);SLABRN59M20F078R;108679.67;0.38685676147082904;Affidamento minore;Importo aggiudicazione inferiore allo 0,5% del valore progetto;2025-12-10;AGGIUDICATA;;0.0;;;false;;18996103;https://www.opencup.gov.it/portale/progetto/-/cup/H34D22001100006
Edilizia;J81B22001940006;9872970894;PROGETTO CINECITTÀ CINECITTÀ S.P.A.;Cultura / centri civici;LAZIO;ROMA;ROMA;34350000.0;soggetto privato;CARLI AGATA;CRLGTA94C47L500S;133120.0;0.3875400291120815;Affidamento minore;Importo aggiudicazione inferiore allo 0,5% del valore progetto;2023-10-17;AGGIUDICATA;;0.0;1;1;false;SOLA ESECUZIONE;2850731;https://www.opencup.gov.it/portale/progetto/-/cup/J81B22001940006
Edilizia;J86I22000000006;96759140D5;PROGETTO CINECITTÀ;Cultura / centri civici;LAZIO;ROMA;ROMA;33200000.0;soggetto privato;AEG EDILIZIA SOCIETA' A RESPONSABILITA' LIMITATA SEMPLIFICATA;16543441006;128884.0;0.3882048192771084;Affidamento minore;Importo aggiudicazione inferiore allo 0,5% del valore progetto;2023-02-27;AGGIUDICATA;;0.0;1;1;false;SOLA ESECUZIONE;2623824;https://www.opencup.gov.it/portale/progetto/-/cup/J86I22000000006
Impiantisti sottoservizi;C68B22000170005;B32A357162;INTERVENTO INTEGRATO PER LEFFICIENTAMENTO DELLE RETI DI DISTRIBUZIONE DI ALCUNI COMUNI DELLAMBITO TERRITORIALE OTTIMALE N. 5 LAZIO MERIDIONALE - FROSINONE;Ambiente / rifiuti / depurazione;LAZIO;FROSINONE;CASSINO;33390000.0;ACEA ATO 5 SPA;DI TOMMASO ROBERTO (OPERATORE ECONOMICO MONOSOGGETTIVO);04218260612;130000.0;0.3893381251871818;Affidamento minore;Importo aggiudicazione inferiore allo 0,5% del valore progetto;2024-09-24;AGGIUDICATA;;0.0;;;false;;13105148;https://www.opencup.gov.it/portale/progetto/-/cup/C68B22000170005
Impiantisti sottoservizi;C68B22000170005;B47CF2C79E;INTERVENTO INTEGRATO PER LEFFICIENTAMENTO DELLE RETI DI DISTRIBUZIONE DI ALCUNI COMUNI DELLAMBITO TERRITORIALE OTTIMALE N. 5 LAZIO MERIDIONALE - FROSINONE;Ambiente / rifiuti / depurazione;LAZIO;FROSINONE;CASSINO;33390000.0;ACEA ATO 5 SPA;NEXT GENERATION CONSULTING COMMUNICATION SOCIETA' A RESPONSABILITA' LIMITATA SEMPLIFICATA (OPERATORE ECONOMICO MONOSOGGETTIVO);03215830609;130000.0;0.3893381251871818;Affidamento minore;Importo aggiudicazione inferiore allo 0,5% del valore progetto;2024-11-27;AGGIUDICATA;;0.0;;;false;;14035079;https://www.opencup.gov.it/portale/progetto/-/cup/C68B22000170005
Impiantisti sottoservizi;F37J22000010007;B1F9FB0772;DIGITALIZZAZIONE DELLE RETI ED ALLA RIDUZIONE DELLE PERDITE IDRICHE  CONFERENZA TERRITORIALE N°2  TOSCANA;Ambiente / rifiuti / depurazione;TOSCANA;PISA;VICOPISANO;39690842.0;ACQUE SPA;KOINE' S.R.L. (OPERATORE ECONOMICO MONOSOGGETTIVO);01934790971;156000.0;0.3930377692667744;Affidamento minore;Importo aggiudicazione inferiore allo 0,5% del valore progetto;2024-05-29;AGGIUDICATA;;0.0;;;false;;11949778;https://www.opencup.gov.it/portale/progetto/-/cup/F37J22000010007
Edilizia;D17B18000070001;764506398F;MINISTERO DELLA GIUSTIZIA;Riqualificazione urbana;LAZIO;ROMA;VELLETRI;26755300.0;MINISTERO DELLE INFRASTRUTTURE E DEI TRASPORTI;SPACEPLANNERS - SOCIETA A RESPONSABILITA LIMITATA (MANDATARIA) | CENTURANI GIANLUCA (MANDANTE);06695690583 | CNTGLC71H13L103B;106319.574;0.39737761864004517;Affidamento minore;Importo aggiudicazione inferiore allo 0,5% del valore progetto;2019-05-17;AGGIUDICATA;OFFERTA ECONOMICAMENTE PIU' VANTAGGIOSA;55.0;4;4;false;SOLA ESECUZIONE;1791363;https://www.opencup.gov.it/portale/progetto/-/cup/D17B18000070001
Impiantisti sottoservizi;D92E22000110002;9933691523;EFFICIENTAMENTO RETE IDRICA, DIGITALIZZAZIONE, RIDUZIONE DELLE PERDITE: RETE IDRICA GESTITA DA VIVA SERVIZI SPA PER I COMUNI DI ANCONA- FALCONARA, SENIGALLIA, JESI, FABRIANO, MATELICA, SASSOFERRATO;Ambiente / rifiuti / depurazione;MARCHE;ANCONA;ANCONA;32471144.0;soggetto privato;AC.MO;11369520157;129595.8;0.3991106688449289;Affidamento minore;Importo aggiudicazione inferiore allo 0,5% del valore progetto;2023-08-03;AGGIUDICATA;OFFERTA ECONOMICAMENTE PIÙ VANTAGGIOSA: CRITERIO DEL MINOR PREZZO;6.09;1;1;false;SOLA ESECUZIONE;2596575;https://www.opencup.gov.it/portale/progetto/-/cup/D92E22000110002
Edilizia;F93G22000030001;990674696A;38 POLI CIVICI CULTURALI NEI COMUNI DELLAREA METROPOLITANA.;Riqualificazione urbana;LAZIO;ROMA;RIOFREDDO;40975000.0;CITTA' METROPOLITANA DI ROMA CAPITALE;NOEMA SOCIETA' COOPERATIVA (MANDATARIA) | FLBDNC85B12E409J (MANDANTE);09563661215 | FLBDNC85B12E409J;163590.73;0.3992452226967663;Affidamento minore;Importo aggiudicazione inferiore allo 0,5% del valore progetto;2023-01-23;AGGIUDICATA;;0.0;0;0;false;;2759547;https://www.opencup.gov.it/portale/progetto/-/cup/F93G22000030001
Edilizia;J81B22001940006;9417955653;PROGETTO CINECITTÀ CINECITTÀ S.P.A.;Cultura / centri civici;LAZIO;ROMA;ROMA;34350000.0;soggetto privato;IMPRESA INESISTENTE;01980341000;137280.0;0.3996506550218341;Affidamento minore;Importo aggiudicazione inferiore allo 0,5% del valore progetto;2022-12-12;AGGIUDICATA;;0.0;1;1;false;SOLA ESECUZIONE;2623356;https://www.opencup.gov.it/portale/progetto/-/cup/J81B22001940006
Edilizia;C35F21000210008;9225672161;INTERVENTO DI RECUPERO DI PALAZZO SALADINI PILASTRI;Sanità / RSA;MARCHE;ASCOLI PICENO;ASCOLI PICENO;33411252.0;COMUNE DI ASCOLI PICENO - AP -;INTELLEGERE S.R.L.;04307180168;135200.003;0.40465410574856636;Affidamento minore;Importo aggiudicazione inferiore allo 0,5% del valore progetto;2022-05-17;AGGIUDICATA;;1.88679;1;1;false;SOLA ESECUZIONE;2825566;https://www.opencup.gov.it/portale/progetto/-/cup/C35F21000210008
Edilizia;C35F21000210008;9225634205;INTERVENTO DI RECUPERO DI PALAZZO SALADINI PILASTRI;Sanità / RSA;MARCHE;ASCOLI PICENO;ASCOLI PICENO;33411252.0;COMUNE DI ASCOLI PICENO - AP -;ALESI DESIGN ITALIA SOCIETA' A RESPONSABILITA' LIMITATA;16323211009;135200.006;0.4046541147275774;Affidamento minore;Importo aggiudicazione inferiore allo 0,5% del valore progetto;2022-05-17;AGGIUDICATA;;1.96078;1;1;false;SOLA ESECUZIONE;2825583;https://www.opencup.gov.it/portale/progetto/-/cup/C35F21000210008
Lavori pubblici strade;G11B22001380009;B4C321A35F;CICLOVIA;Infrastrutture / parcheggi;TOSCANA;MASSA-CARRARA;FOSDINOVO;32293480.0;REGIONE LIGURIA;FLOW-ING S.R.L. (OPERATORE ECONOMICO MONOSOGGETTIVO);01180870113;131048.83;0.40580584687683086;Affidamento minore;Importo aggiudicazione inferiore allo 0,5% del valore progetto;2024-12-10;AGGIUDICATA;;0.0;;;false;;14304976;https://www.opencup.gov.it/portale/progetto/-/cup/G11B22001380009
Edilizia;E85E22000200001;B693874BB4;NUOVO POLO DIDATTICO D'ATENEO - UNIVERSITA' DEGLI STUDI DI ROMA TOR VERGATA;Residenziale pubblico / ERS;LAZIO;ROMA;ROMA;28757717.0;"UNIVERSITA' DEGLI STUDI ""TOR VERGATA""";C.F.A. INGEGNERIA S.R.L. (OPERATORE ECONOMICO MONOSOGGETTIVO);10979291001;117000.0;0.406847316843684;Affidamento minore;Importo aggiudicazione inferiore allo 0,5% del valore progetto;2025-04-18;AGGIUDICATA;;0.0;;;false;;16089636;https://www.opencup.gov.it/portale/progetto/-/cup/E85E22000200001
Edilizia;C35F21000210008;9225571E04;INTERVENTO DI RECUPERO DI PALAZZO SALADINI PILASTRI;Sanità / RSA;MARCHE;ASCOLI PICENO;ASCOLI PICENO;33411252.0;COMUNE DI ASCOLI PICENO - AP -;ELLEDIEMME ENGINEERING S.R.L.;15626621005;137789.61;0.4124048090146397;Affidamento minore;Importo aggiudicazione inferiore allo 0,5% del valore progetto;2022-05-19;AGGIUDICATA;;0.00754;1;1;false;SOLA ESECUZIONE;2825600;https://www.opencup.gov.it/portale/progetto/-/cup/C35F21000210008
Edilizia;C35F21000210008;92256005F5;INTERVENTO DI RECUPERO DI PALAZZO SALADINI PILASTRI;Sanità / RSA;MARCHE;ASCOLI PICENO;ASCOLI PICENO;33411252.0;COMUNE DI ASCOLI PICENO - AP -;ING. STEFANIA BONI;02342680689;137800.007;0.4124359272738418;Affidamento minore;Importo aggiudicazione inferiore allo 0,5% del valore progetto;2022-05-18;AGGIUDICATA;;0.07541;1;1;false;SOLA ESECUZIONE;2825612;https://www.opencup.gov.it/portale/progetto/-/cup/C35F21000210008
Edilizia;J86I22000000006;A02DD004D9;PROGETTO CINECITTÀ;Cultura / centri civici;LAZIO;ROMA;ROMA;33200000.0;soggetto privato;STUDIO CRISTIANO GEMMA ARCHITETTO, GIANCARLO GEMMA INGEGNERE;09041581001;137000.0;0.4126506024096386;Affidamento minore;Importo aggiudicazione inferiore allo 0,5% del valore progetto;2023-12-11;AGGIUDICATA;;0.0;1;1;false;SOLA ESECUZIONE;2864858;https://www.opencup.gov.it/portale/progetto/-/cup/J86I22000000006
Impiantisti sottoservizi;C68B22000170005;B78D60946E;INTERVENTO INTEGRATO PER LEFFICIENTAMENTO DELLE RETI DI DISTRIBUZIONE DI ALCUNI COMUNI DELLAMBITO TERRITORIALE OTTIMALE N. 5 LAZIO MERIDIONALE - FROSINONE;Ambiente / rifiuti / depurazione;LAZIO;FROSINONE;CASSINO;33390000.0;ACEA ATO 5 SPA;IDEA TELECONTROLLO SRL (OPERATORE ECONOMICO MONOSOGGETTIVO);13429410965;138726.0;0.4154716981132076;Affidamento minore;Importo aggiudicazione inferiore allo 0,5% del valore progetto;2025-07-07;AGGIUDICATA;;0.0;;;false;;17047798;https://www.opencup.gov.it/portale/progetto/-/cup/C68B22000170005
Impiantisti sottoservizi;B18H25000890002;B80D96F286;O.C.D.P.C. N. 922/2022 E 1011/2023 E S.M.I._EVENTI METEOROLOGICI VERIFICATISI NELLA REGIONE MARCHE A PARTIRE DAL GIORNO 15 SETTEMBRE 2022. MITIGAZIONE DEL RISCHIO IDRAULICO BACINO IDROGRAFICO MISA/NEVOLA.;Ambiente / rifiuti / depurazione;MARCHE;ANCONA;SENIGALLIA;30000000.0;REGIONE MARCHE;TREND PROJECT SRL (OPERATORE ECONOMICO MONOSOGGETTIVO);01916890443;125053.1;0.41684366666666667;Affidamento minore;Importo aggiudicazione inferiore allo 0,5% del valore progetto;2025-08-27;AGGIUDICATA;;0.0;;;false;;17539588;https://www.opencup.gov.it/portale/progetto/-/cup/B18H25000890002
Impiantisti sottoservizi;D92E22000110002;9732373046;EFFICIENTAMENTO RETE IDRICA, DIGITALIZZAZIONE, RIDUZIONE DELLE PERDITE: RETE IDRICA GESTITA DA VIVA SERVIZI SPA PER I COMUNI DI ANCONA- FALCONARA, SENIGALLIA, JESI, FABRIANO, MATELICA, SASSOFERRATO;Ambiente / rifiuti / depurazione;MARCHE;ANCONA;ANCONA;32471144.0;soggetto privato;XYLEM WATER SOLUTIONS ITALIA S.R.L.;00889400156;135913.86;0.4185681292904247;Affidamento minore;Importo aggiudicazione inferiore allo 0,5% del valore progetto;2023-04-24;AGGIUDICATA;OFFERTA ECONOMICAMENTE PIÙ VANTAGGIOSA: CRITERIO DEL MINOR PREZZO;20.0;1;1;false;SOLA ESECUZIONE;2496845;https://www.opencup.gov.it/portale/progetto/-/cup/D92E22000110002
Impiantisti sottoservizi;C68B22000170005;B3EAD95D54;INTERVENTO INTEGRATO PER LEFFICIENTAMENTO DELLE RETI DI DISTRIBUZIONE DI ALCUNI COMUNI DELLAMBITO TERRITORIALE OTTIMALE N. 5 LAZIO MERIDIONALE - FROSINONE;Ambiente / rifiuti / depurazione;LAZIO;FROSINONE;CASSINO;33390000.0;ACEA ATO 5 SPA;UNIVERSITA' DEGLI STUDI DI CASSINO E DEL LAZIO MERIDIONALE (OPERATORE ECONOMICO MONOSOGGETTIVO);81006500607;140000.0;0.41928721174004197;Affidamento minore;Importo aggiudicazione inferiore allo 0,5% del valore progetto;2024-10-14;AGGIUDICATA;;0.0;;;false;;13469106;https://www.opencup.gov.it/portale/progetto/-/cup/C68B22000170005
Impiantisti sottoservizi;F37J22000010007;B1C32072D3;DIGITALIZZAZIONE DELLE RETI ED ALLA RIDUZIONE DELLE PERDITE IDRICHE  CONFERENZA TERRITORIALE N°2  TOSCANA;Ambiente / rifiuti / depurazione;TOSCANA;PISA;VICOPISANO;39690842.0;ACQUE SPA;L'AQUILA S.R.L. (OPERATORE ECONOMICO MONOSOGGETTIVO);02336350505;166895.85;0.42048956784539865;Affidamento minore;Importo aggiudicazione inferiore allo 0,5% del valore progetto;2024-06-11;AGGIUDICATA;OFFERTA ECONOMICAMENTE PIÙ VANTAGGIOSA: CRITERIO DEL MINOR PREZZO;10.69;6;6;false;;16630325;https://www.opencup.gov.it/portale/progetto/-/cup/F37J22000010007
Impiantisti sottoservizi;D92E22000110002;9789834A94;EFFICIENTAMENTO RETE IDRICA, DIGITALIZZAZIONE, RIDUZIONE DELLE PERDITE: RETE IDRICA GESTITA DA VIVA SERVIZI SPA PER I COMUNI DI ANCONA- FALCONARA, SENIGALLIA, JESI, FABRIANO, MATELICA, SASSOFERRATO;Ambiente / rifiuti / depurazione;MARCHE;ANCONA;ANCONA;32471144.0;soggetto privato;ISLE S.R.L.;04011670983;137000.0;0.4219130684154522;Affidamento minore;Importo aggiudicazione inferiore allo 0,5% del valore progetto;2023-05-02;AGGIUDICATA;OFFERTA ECONOMICAMENTE PIÙ VANTAGGIOSA: CRITERIO DEL MINOR PREZZO;0.0;1;1;false;SOLA ESECUZIONE;2551587;https://www.opencup.gov.it/portale/progetto/-/cup/D92E22000110002
Edilizia;D17B18000070001;B9DFD287BC;MINISTERO DELLA GIUSTIZIA;Riqualificazione urbana;LAZIO;ROMA;VELLETRI;26755300.0;MINISTERO DELLE INFRASTRUTTURE E DEI TRASPORTI;L'INTERNAZIONALE SOCIETA' COOPERATIVA IN SIGLA L'INTERNAZIONAL E SOC.COOP. (OPERATORE ECONOMICO MONOSOGGETTIVO);00596510727;113413.59;0.4238920512945099;Affidamento minore;Importo aggiudicazione inferiore allo 0,5% del valore progetto;2025-11-20;AGGIUDICATA;;0.0;;;false;;19345673;https://www.opencup.gov.it/portale/progetto/-/cup/D17B18000070001
Edilizia;C35F21000210008;932984607C;INTERVENTO DI RECUPERO DI PALAZZO SALADINI PILASTRI;Sanità / RSA;MARCHE;ASCOLI PICENO;ASCOLI PICENO;33411252.0;COMUNE DI ASCOLI PICENO - AP -;CURZI MARCO (MANDANTE) | AREA ENGINEERING S.R.L. (MANDANTE) | ASISTEMA S.R.L. (MANDANTE) | IMPRESA INESISTENTE (MANDANTE) | EGIDI SERENA (MANDANTE) | MARIANI ROMEO (MANDATARIA) | CIOTTI TIZIANA (MANDANTE) | ALFA S.R.L. - SOCIETA' TRA PROFESSIONISTI (MANDANTE);01518090442 | 02201350440 | 02324260443 | 02446320448 | CRZMRC85D29A462L | CTTTZN64E71A515Z | GDESRN82B43H769T | MRNRMO70E15A462I;141914.91;0.4247518470723575;Affidamento minore;Importo aggiudicazione inferiore allo 0,5% del valore progetto;2022-09-13;AGGIUDICATA;OFFERTA ECONOMICAMENTE PIÙ VANTAGGIOSA: MIGLIOR RAPPORTO QUALITÀ / PREZZO;62.3;3;3;false;SOLA ESECUZIONE;2386081;https://www.opencup.gov.it/portale/progetto/-/cup/C35F21000210008
Completamento e finitura edifici;I57B17000150005;80817349DE;COMPLETAMENTO STRUTTURE PER DIP.TO SCIENZE VETERINARIE;Infrastrutture / parcheggi;TOSCANA;PISA;PISA;28000000.0;UNIVERSITA' DI PISA;IMPRESA INESISTENTE;03533170613;120293.287;0.42961888214285715;Affidamento minore;Importo aggiudicazione inferiore allo 0,5% del valore progetto;2020-02-24;AGGIUDICATA;OFFERTA ECONOMICAMENTE PIÙ VANTAGGIOSA: CRITERIO DEL MINOR PREZZO;42.19;10;10;false;SOLA ESECUZIONE;1748530;https://www.opencup.gov.it/portale/progetto/-/cup/I57B17000150005
Edilizia;D78I21000170006;B4BBDCEABB;OSPEDALE S. GIUSEPPE EMPOLI RISTRUTTURAZIONE INTERNA EDIFICIO H;Sanità / RSA;TOSCANA;FIRENZE;EMPOLI;30900000.0;AZIENDA UNITA' SANITARIA LOCALE TOSCANA CENTRO;IN.TE.SO. INGEGNERIA SRL (OPERATORE ECONOMICO MONOSOGGETTIVO);03658640408;133280.25;0.4313276699029126;Affidamento minore;Importo aggiudicazione inferiore allo 0,5% del valore progetto;2024-12-10;AGGIUDICATA;;0.0;;;false;;14277159;https://www.opencup.gov.it/portale/progetto/-/cup/D78I21000170006
Impiantisti sottoservizi;F82B21000030005;B3C1AD81B0;COSTA LAZIALE;Ambiente / rifiuti / depurazione;LAZIO;ROMA;ROMA;25000000.0;REGIONE LAZIO;ACQUATECNO SRL (OPERATORE ECONOMICO MONOSOGGETTIVO);07967640587;109636.39;0.43854556;Affidamento minore;Importo aggiudicazione inferiore allo 0,5% del valore progetto;2024-10-18;AGGIUDICATA;;0.0;;;false;;13444513;https://www.opencup.gov.it/portale/progetto/-/cup/F82B21000030005
Lavori pubblici strade;I71B02000030019;49363347AD;SR69- tratto la Levane a Loc.Acquaviva in variante;Infrastrutture / parcheggi;TOSCANA;AREZZO;MONTEVARCHI;45500000.0;AMMINISTRAZIONE PROVINCIALE DI AREZZO;NET ENGINEERING S.R.L. (MANDATARIA) | CHIARINI ASSOCIATI -INGEGNERIA CIVILE E AMBIENTALE DEGLI INGEGNERI CHIARINI REMO, CONVERTINO COSIMO, BIGAZZI LUIGI, BERNI ALESSANDRO E CHIARINI ANDREA (MANDANTE);01914700511 | 80018830382;200000.0;0.43956043956043955;Affidamento minore;Importo aggiudicazione inferiore allo 0,5% del valore progetto;2013-02-08;AGGIUDICATA;PREZZO PIU' BASSO;0.0;1;1;false;SOLA ESECUZIONE;775219;https://www.opencup.gov.it/portale/progetto/-/cup/I71B02000030019
Edilizia;I16J17000570005;79134788A0;LABORATORI NAZIONALI DI FRASCATI DELL'INFN;Scuole / formazione;LAZIO;ROMA;FRASCATI;36000000.0;ISTITUTO NAZIONALE DI FISICA NUCLEARE (INFN);CO.ME.B. S.R.L.;08338281002;160000.0;0.4444444444444444;Affidamento minore;Importo aggiudicazione inferiore allo 0,5% del valore progetto;2019-09-20;AGGIUDICATA;PREZZO PIU' BASSO;0.0;1;1;false;SOLA ESECUZIONE;1643665;https://www.opencup.gov.it/portale/progetto/-/cup/I16J17000570005
Edilizia;F87H24001510006;B73169C223;DIREZIONE GENERALE MUSEI;Scuole / formazione;LAZIO;ROMA;ROMA;31000000.0;MINISTERO DELLA CULTURA;MER MEC ENGINEERING S.R.L. (OPERATORE ECONOMICO MONOSOGGETTIVO);04597250721;138500.0;0.4467741935483871;Affidamento minore;Importo aggiudicazione inferiore allo 0,5% del valore progetto;2025-06-09;AGGIUDICATA;;0.0;;;false;;16695648;https://www.opencup.gov.it/portale/progetto/-/cup/F87H24001510006
Edilizia;I87G22000270001;B0EFBBCAC3;LINEA A, METROPOLITANA DI ROMA;Riqualificazione urbana;LAZIO;ROMA;ROMA;67100000.0;AGENZIA PER I TRASPORTI AUTOFERROTRAMVIARI DEL COMUNE DI ROMA;CAPOBIANCO GIUSEPPE (MANDATARIA) | SIDING SERVIZI INTEGRATI DI INGEGNERIA SOCIETA' A RESPONSABILITA' LIMITATA (MANDANTE) | BUILD.ING S.R.L. (MANDANTE);09041010969 | 12517271008 | CPBGPP61S08A509V;300594.26;0.447979523099851;Affidamento minore;Importo aggiudicazione inferiore allo 0,5% del valore progetto;2024-06-28;AGGIUDICATA;;28.82;2;2;false;SOLA ESECUZIONE;12330217;https://www.opencup.gov.it/portale/progetto/-/cup/I87G22000270001
Impiantisti sottoservizi;F37J22000010007;B248E9DA78;DIGITALIZZAZIONE DELLE RETI ED ALLA RIDUZIONE DELLE PERDITE IDRICHE  CONFERENZA TERRITORIALE N°2  TOSCANA;Ambiente / rifiuti / depurazione;TOSCANA;PISA;VICOPISANO;39690842.0;ACQUE SPA;V. BARBAGLI - S.R.L. (OPERATORE ECONOMICO MONOSOGGETTIVO);00445620487;179068.62;0.4511585317338443;Affidamento minore;Importo aggiudicazione inferiore allo 0,5% del valore progetto;2023-11-29;AGGIUDICATA;;0.0;;;false;;12248655;https://www.opencup.gov.it/portale/progetto/-/cup/F37J22000010007
Impiantisti sottoservizi;F91D22000070002;A05BF51C00;PROGETTO DI EFFICIENTAMENTO E DIGITALIZZAZIONE DELLE RETI DI DISTRIBUZIONE IDRICA GESTITE DA ACQUA PUBBLICA SABINA SPA;Ambiente / rifiuti / depurazione;LAZIO;RIETI;ANTRODOCO;44324147.0;ACQUA PUBBLICA SABINA S.P.A.;EG.EN COSTRUZIONI S.R.L.;05886161008;200000.0;0.45122131735552634;Affidamento minore;Importo aggiudicazione inferiore allo 0,5% del valore progetto;2024-01-25;AGGIUDICATA;;0.0;0;0;true;;2899646;https://www.opencup.gov.it/portale/progetto/-/cup/F91D22000070002
Edilizia;I31E18000090005;B1EF5924DA;COMPENDIO IMMOBILIARE-NUOVO RETTORATO-PALAZZO DI VETRO;Scuole / formazione;MARCHE;ANCONA;ANCONA;23615532.0;UNIVERSITÀ POLITECNICA DELLE MARCHE;E-DISTRIBUZIONE SPA (OPERATORE ECONOMICO MONOSOGGETTIVO);05779711000;106592.6;0.4513664989634788;Affidamento minore;Importo aggiudicazione inferiore allo 0,5% del valore progetto;2024-05-31;AGGIUDICATA;;0.0;;;false;;11909146;https://www.opencup.gov.it/portale/progetto/-/cup/I31E18000090005
Lavori pubblici strade;D31B19000200003;94686121CF;SR 429;Infrastrutture / parcheggi;TOSCANA;FIRENZE;CASTELFIORENTINO;30100000.0;REGIONE TOSCANA;B.M. SERVICE S.R.L.;07504971214;136649.87;0.45398627906976746;Affidamento minore;Importo aggiudicazione inferiore allo 0,5% del valore progetto;2022-11-21;AGGIUDICATA;OFFERTA ECONOMICAMENTE PIÙ VANTAGGIOSA: CRITERIO DEL MINOR PREZZO;1.62;1;1;false;SOLA ESECUZIONE;2328044;https://www.opencup.gov.it/portale/progetto/-/cup/D31B19000200003
Impiantisti sottoservizi;D66B19003740001;B123FE3E88;CASSE DI ESPANZIONE LUNGO IL CORSO DEL FIUME SIEVE I STRALCIO.;Ambiente / rifiuti / depurazione;TOSCANA;FIRENZE;BORGO SAN LORENZO;30596812.0;PRESIDENZA DEL CONSIGLIO DEI MINISTRI;IBT PROSPEZIONI S.A.S. DI ALBERTO IOTTI (OPERATORE ECONOMICO MONOSOGGETTIVO);06802820487;139500.0;0.45592985308404027;Affidamento minore;Importo aggiudicazione inferiore allo 0,5% del valore progetto;2024-04-05;AGGIUDICATA;;0.0;;;false;;11118408;https://www.opencup.gov.it/portale/progetto/-/cup/D66B19003740001
Impiantisti sottoservizi;D92E22000110002;9905142DBF;EFFICIENTAMENTO RETE IDRICA, DIGITALIZZAZIONE, RIDUZIONE DELLE PERDITE: RETE IDRICA GESTITA DA VIVA SERVIZI SPA PER I COMUNI DI ANCONA- FALCONARA, SENIGALLIA, JESI, FABRIANO, MATELICA, SASSOFERRATO;Ambiente / rifiuti / depurazione;MARCHE;ANCONA;ANCONA;32471144.0;soggetto privato;MIDO S.R.L.;01903370763;148829.05;0.4583424901814361;Affidamento minore;Importo aggiudicazione inferiore allo 0,5% del valore progetto;2023-08-03;AGGIUDICATA;OFFERTA ECONOMICAMENTE PIÙ VANTAGGIOSA: CRITERIO DEL MINOR PREZZO;43.7;1;1;false;SOLA ESECUZIONE;2599215;https://www.opencup.gov.it/portale/progetto/-/cup/D92E22000110002
Edilizia;H72C17000130002;B5E0230D76;OSPEDALE DEI CASTELLI;Sanità / RSA;LAZIO;ROMA;ARICCIA;25000000.0;AZIENDA USL RM/H;STRYKER ITALIA S.R.L. (OPERATORE ECONOMICO MONOSOGGETTIVO);12572900152;114728.42;0.45891368;Affidamento minore;Importo aggiudicazione inferiore allo 0,5% del valore progetto;2025-03-27;AGGIUDICATA;;0.0;;;false;;15397824;https://www.opencup.gov.it/portale/progetto/-/cup/H72C17000130002
Edilizia;D97B23000220001;B5AF1BB2BE;23/GDF/L/0092/00 - GAETA (LT) - LAVORI DI RECUPERO ED ADEGUAMENTO STRUTTURALE DELLA CASERMA SANTANGELO ALTA DA DESTINARE A SCUOLA NAUTICA DELLA GUARDIA DI FINANZA DI GAETA.;Scuole / formazione;LAZIO;LATINA;GAETA;26000000.0;MINISTERO DELLE INFRASTRUTTURE E DEI TRASPORTI;MIAR SUB -S.R.L. (OPERATORE ECONOMICO MONOSOGGETTIVO);01187570427;120000.0;0.46153846153846156;Affidamento minore;Importo aggiudicazione inferiore allo 0,5% del valore progetto;2023-11-21;AGGIUDICATA;;0.0;;;false;;15210643;https://www.opencup.gov.it/portale/progetto/-/cup/D97B23000220001
Edilizia;J84E21001160005;A00DAE4331;COMPARTO R5 - PDZ 22 TOR BELLA MONACA, MUNICIPIO VI - VIA DELL'ARCHEOLOGIA - ROMA;Riqualificazione urbana;LAZIO;ROMA;ROMA;29000000.0;ROMA CAPITALE;RINA CHECK S.R.L.;01927190999;133987.47;0.4620257586206896;Affidamento minore;Importo aggiudicazione inferiore allo 0,5% del valore progetto;2022-11-22;AGGIUDICATA;;0.0;0;0;false;;2905521;https://www.opencup.gov.it/portale/progetto/-/cup/J84E21001160005
Impiantisti sottoservizi;E31B13000630003;7229863FAC;IMPIANTI DI DEPURAZIONE DI S. CROCE S/A CASTELFRANCO DI SOTTO E FUCECCHIO GESTITI DA CONSORZIO AQUARNO SPA - RETI FOGNARIE E STAZIONI SOLLEVAMENTO DEDICATE;Ambiente / rifiuti / depurazione;TOSCANA;PISA;CASTELFRANCO DI SOTTO;28300000.0;CONSORZIO DEPURATORE DI SANTA CROCE SULL'ARNO S.P.A.;MAINTENANCE GLOBAL SERVICES S.R.L.;10281670157;131000.0;0.4628975265017668;Affidamento minore;Importo aggiudicazione inferiore allo 0,5% del valore progetto;2018-01-19;AGGIUDICATA;PREZZO PIU' BASSO;12.7;2;2;false;SOLA ESECUZIONE;1327198;https://www.opencup.gov.it/portale/progetto/-/cup/E31B13000630003
Impiantisti sottoservizi;G32E22000040003;948062071E;COMUNE DI AULLA, FOSDINOVO, PONTREMOLI, FILATTIERA, FIVIZZANO, MASSA, CARRARA, MONTIGNOSO, SERAVEZZA, FORTE DEI MARMI, STAZZEMA, PIETRASANTA, CAMAIORE, VIAREGGIO, MASSAROSA.;Ambiente / rifiuti / depurazione;TOSCANA;LUCCA;VIAREGGIO;39455705.0;G.A.I.A S.P.A.;IDRAULICA F.LLI SALA S.R.L.;00192240364;182792.4;0.4632850940060506;Affidamento minore;Importo aggiudicazione inferiore allo 0,5% del valore progetto;2022-11-23;AGGIUDICATA;OFFERTA ECONOMICAMENTE PIÙ VANTAGGIOSA: CRITERIO DEL MINOR PREZZO;3.5;1;1;false;SOLA ESECUZIONE;2416390;https://www.opencup.gov.it/portale/progetto/-/cup/G32E22000040003
Impiantisti sottoservizi;F83E17000070005;8692921956;ACQUEDOTTO DEL PESCARA - VARIANTE DI TRACCIATO E MESSA IN SICUREZZA NEL TRATTO CAPODACQUA BORGO DARQUATA;Ambiente / rifiuti / depurazione;LAZIO;RIETI;ACCUMOLI;35863216.0;CICLI INTEGRATI IMPIANTI PRIMARI SPA;PERFOR S.R.L.;02299210597;166517.738;0.4643134569972755;Affidamento minore;Importo aggiudicazione inferiore allo 0,5% del valore progetto;2021-05-07;AGGIUDICATA;OFFERTA ECONOMICAMENTE PIÙ VANTAGGIOSA: CRITERIO DEL MINOR PREZZO;35.0;2;2;true;SOLA ESECUZIONE;1968938;https://www.opencup.gov.it/portale/progetto/-/cup/F83E17000070005
Lavori pubblici strade;B74E23000990003;B747CF276C;SR 502;Infrastrutture / parcheggi;MARCHE;ANCONA;JESI;23000000.0;REGIONE MARCHE;GECO S.R.L. (OPERATORE ECONOMICO MONOSOGGETTIVO);02541280422;106988.0;0.4651652173913044;Affidamento minore;Importo aggiudicazione inferiore allo 0,5% del valore progetto;2025-06-16;AGGIUDICATA;;0.0;;;false;;16782118;https://www.opencup.gov.it/portale/progetto/-/cup/B74E23000990003
Edilizia;H72C17000130002;901806135C;OSPEDALE DEI CASTELLI;Sanità / RSA;LAZIO;ROMA;ARICCIA;25000000.0;AZIENDA USL RM/H;DUEFFE 2000 SOCIETA' A RESPONSABILITA' LIMITATA IN BREVE DUEFFE 2000 S.R.L.;05704371003;119238.9;0.4769555999999999;Affidamento minore;Importo aggiudicazione inferiore allo 0,5% del valore progetto;2022-01-26;AGGIUDICATA;;0.0;1;1;false;SOLA ESECUZIONE;2104429;https://www.opencup.gov.it/portale/progetto/-/cup/H72C17000130002
Edilizia;E85E22000200001;B6E6D9E521;NUOVO POLO DIDATTICO D'ATENEO - UNIVERSITA' DEGLI STUDI DI ROMA TOR VERGATA;Residenziale pubblico / ERS;LAZIO;ROMA;ROMA;28757717.0;"UNIVERSITA' DEGLI STUDI ""TOR VERGATA""";"STUDIO LEGALE ASSOCIATO PISELLI &AMP; PARTNERS - PUBLIC PROCUREMENT LAW FIRM (OPERATORE ECONOMICO MONOSOGGETTIVO)";13667811007;139000.0;0.4833485217202742;Affidamento minore;Importo aggiudicazione inferiore allo 0,5% del valore progetto;2025-05-15;AGGIUDICATA;;0.0;;;false;;16407269;https://www.opencup.gov.it/portale/progetto/-/cup/E85E22000200001
Lavori pubblici strade;D31B09000120002;B43A6EB797;STRADA REGIONALE 578;Infrastrutture / parcheggi;LAZIO;RIETI;CITTADUCALE;22900000.0;AMMINISTRAZIONE PROVINCIALE DI RIETI;ABRUZZI SONDA S.R.L. (OPERATORE ECONOMICO MONOSOGGETTIVO);00279120679;110908.55;0.48431681222707423;Affidamento minore;Importo aggiudicazione inferiore allo 0,5% del valore progetto;2024-11-12;AGGIUDICATA;;0.0;;;false;;17056333;https://www.opencup.gov.it/portale/progetto/-/cup/D31B09000120002
Edilizia;I55E17000050005;7768049CD0;NUOVO POLO DI BIOLOGIA;Residenziale pubblico / ERS;TOSCANA;PISA;PISA;42000000.0;UNIVERSITA' DI PISA;RINA CHECK S.R.L.;01927190999;205284.196;0.4887718952380952;Affidamento minore;Importo aggiudicazione inferiore allo 0,5% del valore progetto;2020-05-08;AGGIUDICATA;OFFERTA ECONOMICAMENTE PIU' VANTAGGIOSA;66.99;5;5;false;SOLA ESECUZIONE;1744775;https://www.opencup.gov.it/portale/progetto/-/cup/I55E17000050005
Impiantisti sottoservizi;D92E22000110002;9897442B82;EFFICIENTAMENTO RETE IDRICA, DIGITALIZZAZIONE, RIDUZIONE DELLE PERDITE: RETE IDRICA GESTITA DA VIVA SERVIZI SPA PER I COMUNI DI ANCONA- FALCONARA, SENIGALLIA, JESI, FABRIANO, MATELICA, SASSOFERRATO;Ambiente / rifiuti / depurazione;MARCHE;ANCONA;ANCONA;32471144.0;soggetto privato;AC.MO;11369520157;158841.0;0.4891758664246631;Affidamento minore;Importo aggiudicazione inferiore allo 0,5% del valore progetto;2023-08-22;AGGIUDICATA;OFFERTA ECONOMICAMENTE PIÙ VANTAGGIOSA: CRITERIO DEL MINOR PREZZO;52.3;4;4;true;SOLA ESECUZIONE;2597265;https://www.opencup.gov.it/portale/progetto/-/cup/D92E22000110002
Edilizia;F93G22000030001;B8BE0678EB;38 POLI CIVICI CULTURALI NEI COMUNI DELLAREA METROPOLITANA.;Riqualificazione urbana;LAZIO;ROMA;RIOFREDDO;40975000.0;CITTA' METROPOLITANA DI ROMA CAPITALE;VALORI S.C.A R.L. - CONSORZIO STABILE IN SIGLA VALORI - S.C. A R. L. (OPERATORE ECONOMICO MONOSOGGETTIVO);08066951008;202210.31;0.49349679072605246;Affidamento minore;Importo aggiudicazione inferiore allo 0,5% del valore progetto;2025-10-22;AGGIUDICATA;;0.0;;;false;;18229348;https://www.opencup.gov.it/portale/progetto/-/cup/F93G22000030001
Impiantisti sottoservizi;H13J01000000001;582000433C;SCHEMA DEPURATIVO A SERVIZIO DELL'AREA FIORENTINA- SAN COLOMBANO;Ambiente / rifiuti / depurazione;TOSCANA;FIRENZE;FIRENZE;35000000.0;PUBLIACQUA SPA;IMPRESA INESISTENTE;00288390974;172902.0;0.4940057142857143;Affidamento minore;Importo aggiudicazione inferiore allo 0,5% del valore progetto;2014-07-16;AGGIUDICATA;PREZZO PIU' BASSO;0.0;4;4;false;PROGETTAZIONE ED ESECUZIONE (SU PROGETTO DEFINITIVO);659972;https://www.opencup.gov.it/portale/progetto/-/cup/H13J01000000001
Edilizia;F85I21000050005;9568649AF1;RESTAURO E RISANAMENTO CONSERVATIVO DELL'IMMOBILE EX ISTITUTO TOMMASEO SEDE DEL DIPARTIMENTO FILCOSPE IN VIA OSTIENSE N.139 - ROMA;Scuole / formazione;LAZIO;ROMA;ROMA;21527028.0;UNIVERSITA' DEGLI STUDI ROMA TRE;TECNITALIA ENGINEERING CONSULENZE, SERVIZI DI INGEGNERIA, PARTECI PAZIONI - SOCIETA A RESPONSABILITA LIMITATA IN BREVE TI - S.R.L.;04002441006;107000.0;0.49704956949932894;Affidamento minore;Importo aggiudicazione inferiore allo 0,5% del valore progetto;2023-02-07;AGGIUDICATA;OFFERTA ECONOMICAMENTE PIÙ VANTAGGIOSA: CRITERIO DEL MINOR PREZZO;10.38285;1;1;false;SOLA ESECUZIONE;2541623;https://www.opencup.gov.it/portale/progetto/-/cup/F85I21000050005
Edilizia;C45E22000290001;923572595E;COMPLESSO SCOLASTICO OMNICOMPRENSIVO BEATO SIMONE FIDATI;Scuole / formazione;UMBRIA;PERUGIA;CASCIA;12057500.0;COMUNE DI CASCIA - PG -;S.G.N. ENGINEERING S.R.L. | ISTITUTO COLLAUDI E VERIFICHE S.P.A. | RINA CHECK S.R.L. | NO GAP CONTROLS SRL | INARCHECK S.P.A. | PROGETTO COSTRUZIONE QUALITÀ S.R.L. | BUREAU VERITAS ITALIA S.P.A. | CONTECO CHECK S.R.L.;01927190999 | 01974031203 | 02341540421 | 03465090961 | 09663961218 | 11203280158 | 11498640157 | 15503551002;22437271.44;186.0856018245905;Appalto principale / molto rilevante;Importo aggiudicazione superiore al 150% del valore progetto;2023-07-17;AGGIUDICATA;OFFERTA ECONOMICAMENTE PIÙ VANTAGGIOSA: MIGLIOR RAPPORTO QUALITÀ / PREZZO;;14;14;false;SOLA ESECUZIONE;2583518;https://www.opencup.gov.it/portale/progetto/-/cup/C45E22000290001
Edilizia;F78I18000070008;83810759E0;RICOSTRUZIONE DELL'OSPEDALE DI AMATRICE;Sanità / RSA;LAZIO;RIETI;AMATRICE;9410000.0;REGIONE LAZIO;LA TORRE COSTRUZIONI - S.R.L. (MANDANTE) | CONSORZIO STABILE RENNOVA SOCIETA' CONSORTILE A R.L. PIU BREVEMENTE CONSORZIO STABILE RENNOVA S. C. A R. L. (MANDATARIA);01781710668 | 05362211004;15130037.5;160.78679596174283;Appalto principale / molto rilevante;Importo aggiudicazione superiore al 150% del valore progetto;2020-09-22;AGGIUDICATA;OFFERTA ECONOMICAMENTE PIÙ VANTAGGIOSA: MIGLIOR RAPPORTO QUALITÀ / PREZZO;25.0;10;13;true;SOLA ESECUZIONE;1838145;https://www.opencup.gov.it/portale/progetto/-/cup/F78I18000070008
Edilizia;G82D24000030005;B33D2BD0B2;ACCORDO QUADRO CON N.3 OPERATORI ECONOMICI, SENZA ROTAZIONE, SUDDIVISO IN TRE AMBITI TERRITORIALI, AFFIDATO TRAMITE PROCEDURA APERTA PER APPALTO DI LAVORI DI MANUT. ORDINARIA E STRAORD. ALLOGGI RECUPERATI A VARIO TITOLO IN PROPRIETA' O GESTIONE DI ATER;Residenziale pubblico / ERS;LAZIO;ROMA;ROMA;10500000.0;AZIENDA TERRITORIALE PER L'EDILIZIA RESIDENZIALE PUBBLICA DEL COMUNE DI ROMA;IMMOBILIARE VIOLA - SOCIETA' A RESPONSABILITA' LIMITATA (MANDANTE) | IMPERIAL S.R.L. (MANDATARIA) | AKETOHN S.R.L. (MANDANTE) | DAFNE SOCIETA' COOPERATIVA DI PRODUZIONE E LAVORO A R.L. (MANDATARIA) | DO.VE. SRL (MANDATARIA) | CFC SOCIETA' A RESPONSABILITA' LIMITATA (MANDANTE);01662040557 | 03390000630 | 07139071000 | 09249161002 | 13578441001 | 15746411006;16736157.0;159.39197142857142;Appalto principale / molto rilevante;Importo aggiudicazione superiore al 150% del valore progetto;2025-05-19;AGGIUDICATA;OFFERTA ECONOMICAMENTE PIÙ VANTAGGIOSA: COMPETIZIONE SOLO IN BASE A CRITERI QUALITATIVI;49.0;28;28;false;SOLA ESECUZIONE;16436977;https://www.opencup.gov.it/portale/progetto/-/cup/G82D24000030005
Edilizia;C91B21003980001;9235979AF9;SCUOLA SEC. DI I GRADO VOLUMNIO;Scuole / formazione;UMBRIA;PERUGIA;PERUGIA;9425472.0;COMUNE DI PERUGIA - PG -;STUDIO TECNICO ROSATO INGEGNERI ASSOCIATI (MANDANTE) | GAMI ENGINEERING S.R.L. (MANDANTE) | ARTUSO ARCHITETTI ASSOCIATI S.R.L. - S.T.P. (MANDATARIA) | SERINI SAURO (MANDANTE) | CAMPANALE FRANCESCO (MANDANTE) | STUDIO TECNICO CHIRILLI INGEGNERI ASSOCIATI (MANDANTE) | TURCO ANTONIO (MANDATARIA) | STUDIO TECNICO CARBONARA INGEGNERI ASSOCIATI (MANDANTE) | LENSI ANTONINO (MANDATARIA);02942070802 | 05018860758 | 06967360725 | 07357600720 | 08491140722 | CMPFNC43B17H645M | LNSNNN55P12D643B | SRNSRA46M10A271S | TRCNTN58A23E819W;14958180.96;158.6995426860321;Appalto principale / molto rilevante;Importo aggiudicazione superiore al 150% del valore progetto;2023-06-23;AGGIUDICATA;OFFERTA ECONOMICAMENTE PIÙ VANTAGGIOSA: MIGLIOR RAPPORTO QUALITÀ / PREZZO;;3;4;false;SOLA ESECUZIONE;2586139;https://www.opencup.gov.it/portale/progetto/-/cup/C91B21003980001
Edilizia;F87B14000620005;6362848446;AREA EX ENTE CONSUMO IN VIA OSTIENSE, 133/B;Residenziale pubblico / ERS;LAZIO;ROMA;ROMA;38707748.0;UNIVERSITA' DEGLI STUDI ROMA TRE;C.A.M. - S.P.A. (MANDATARIA) | MAC S.R.L. (MANDANTE);06616991003 | 08086741009;59858531.22;154.64224687005816;Appalto principale / molto rilevante;Importo aggiudicazione superiore al 150% del valore progetto;2016-05-31;AGGIUDICATA;OFFERTA ECONOMICAMENTE PIU' VANTAGGIOSA;0.0;3;3;true;PROGETTAZIONE ED ESECUZIONE (SU PROGETTO PRELIMINARE);1045566;https://www.opencup.gov.it/portale/progetto/-/cup/F87B14000620005
Edilizia;B83C16000020005;8350079F29;UNIVERSITA' LA SAPIENZA - AREA GESTIONE EDILIZIA;Riqualificazione urbana;LAZIO;ROMA;ROMA;19233188.0;"UNIVERSITA' DEGLI STUDI ""LA SAPIENZA""";NATURA E ARCHITETTURA ORTOLANI S.R.L. (MANDANTE) | S.A.C. - SOCIETA' APPALTI COSTRUZIONI - SOCIETA' PER AZIONI (MANDATARIA);01391020581 | 05633041008;29227463.15;151.96369499429838;Appalto principale / molto rilevante;Importo aggiudicazione superiore al 150% del valore progetto;2021-02-10;AGGIUDICATA;OFFERTA ECONOMICAMENTE PIÙ VANTAGGIOSA: MIGLIOR RAPPORTO QUALITÀ / PREZZO;10.0;9;9;true;PROGETTAZIONE ED ESECUZIONE (SU PROGETTO DEFINITIVO);2103699;https://www.opencup.gov.it/portale/progetto/-/cup/B83C16000020005
