score;cup;title;category;region;province;municipality;value_eur;client;phase;status;source_url
78;J61H03000190001;LINEA AV/AC BATTIPAGLIA PAOLA REGGIO CALABRIA;Altro;CAMPANIA;TUTTE;TUTTI;22000000000.0;RETE FERROVIARIA ITALIANA S.P.A.;programmazione / progetto attivo;ATTIVO;https://www.opencup.gov.it/portale/progetto/-/cup/J61H03000190001
78;C41C23002750005;REALIZZAZIONE DEL COLLEGAMENTO STABILE TRA LA SICILIA E LA CALABRIA;Altro;CALABRIA;REGGIO DI CALABRIA;SEMINARA;13532000000.0;STRETTO DI MESSINA S.P.A.;programmazione / progetto attivo;ATTIVO;https://www.opencup.gov.it/portale/progetto/-/cup/C41C23002750005
78;C11J05000030001;LINEA AV/AC TORINO LIONE;Altro;TUTTE;TUTTE;TUTTI;11000000000.0;TUNNEL EURALPIN LYON TURIN;programmazione / progetto attivo;ATTIVO;https://www.opencup.gov.it/portale/progetto/-/cup/C11J05000030001
78;B61C03000030001;LINEA FERROVIARIA AOSTA MARTIGNY;Altro;VALLE D'AOSTA;AOSTA;TUTTI;7842467380.0;REGIONE AUTONOMA DELLA VALLE D'AOSTA;programmazione / progetto attivo;ATTIVO;https://www.opencup.gov.it/portale/progetto/-/cup/B61C03000030001
78;F41H91000000008;LINEA AV/AC TORINO-MILANO-NAPOLI;Altro;LOMBARDIA;TUTTE;TUTTI;6878000000.0;RETE FERROVIARIA ITALIANA S.P.A.;programmazione / progetto attivo;ATTIVO;https://www.opencup.gov.it/portale/progetto/-/cup/F41H91000000008
78;B81G09000010001;MALTESE SPA;Altro;CAMPANIA;CASERTA;PASTORANO;6714301006.0;MINISTERO DELLE IMPRESE E DEL MADE IN ITALY;programmazione / progetto attivo;ATTIVO;https://www.opencup.gov.it/portale/progetto/-/cup/B81G09000010001
78;J53G05000090007;REGIONE CALABRIA;Altro;CALABRIA;TUTTE;TUTTI;5385000000.0;REGIONE CALABRIA;programmazione / progetto attivo;ATTIVO;https://www.opencup.gov.it/portale/progetto/-/cup/J53G05000090007
78;J71J20000110008;AVR SALERNO-REGGIO CALABRIA;Altro;CAMPANIA;TUTTE;TUTTI;5000000000.0;RETE FERROVIARIA ITALIANA S.P.A.;programmazione / progetto attivo;ATTIVO;https://www.opencup.gov.it/portale/progetto/-/cup/J71J20000110008
78;C71F20000020005;LINEA 2 METROPOLITANA DI TORINO;Altro;PIEMONTE;TORINO;BEINASCO;4926274272.0;COMUNE DI TORINO - TORINO -;programmazione / progetto attivo;ATTIVO;https://www.opencup.gov.it/portale/progetto/-/cup/C71F20000020005
78;F81H92000000008;LINEA AV AC GENOVA MILANO;Altro;PIEMONTE;TUTTE;TUTTI;4719000000.0;RETE FERROVIARIA ITALIANA S.P.A.;programmazione / progetto attivo;ATTIVO;https://www.opencup.gov.it/portale/progetto/-/cup/F81H92000000008
78;B59H10000610007;TRASPORTO PUBBLICO LOCALE E SERVIZI CONNESSI E COMPLEMENTARI;Altro;LOMBARDIA;MILANO;TUTTI;4703652000.0;COMUNE DI MILANO - MI -;programmazione / progetto attivo;ATTIVO;https://www.opencup.gov.it/portale/progetto/-/cup/B59H10000610007
78;J21H04000220001;LINEA AV/AC VENEZIA TRIESTE;Altro;FRIULI-VENEZIA GIULIA;TUTTE;TUTTI;4200000000.0;RETE FERROVIARIA ITALIANA S.P.A.;programmazione / progetto attivo;ATTIVO;https://www.opencup.gov.it/portale/progetto/-/cup/J21H04000220001
78;J41E91000000009;LINEA AV/AC MILANO-VENEZIA;Altro;VENETO;VERONA;TUTTI;4153000000.0;RETE FERROVIARIA ITALIANA S.P.A.;programmazione / progetto attivo;ATTIVO;https://www.opencup.gov.it/portale/progetto/-/cup/J41E91000000009
78;D51B02000050001;SISTEMA MO.S.E.;Altro;VENETO;VENEZIA;VENEZIA;4131655000.0;MINISTERO DELLE INFRASTRUTTURE E DEI TRASPORTI;programmazione / progetto attivo;ATTIVO;https://www.opencup.gov.it/portale/progetto/-/cup/D51B02000050001
78;J11H03000180001;LINEA CATANIA-ROCCAPALUMBA-PALERMO;Altro;SICILIA;TUTTE;TUTTI;4000000000.0;RETE FERROVIARIA ITALIANA S.P.A.;programmazione / progetto attivo;ATTIVO;https://www.opencup.gov.it/portale/progetto/-/cup/J11H03000180001
78;J84E21001320008;LINEA ROMA - PESCARA;Altro;ABRUZZO;TUTTE;TUTTI;3320000000.0;RETE FERROVIARIA ITALIANA S.P.A.;programmazione / progetto attivo;ATTIVO;https://www.opencup.gov.it/portale/progetto/-/cup/J84E21001320008
78;E81I09000020002;LINEA D, METROPOLITANA DI ROMA;Altro;LAZIO;ROMA;ROMA;3178800000.0;soggetto privato;programmazione / progetto attivo;ATTIVO;https://www.opencup.gov.it/portale/progetto/-/cup/E81I09000020002
78;J53G05000080001;REGIONE CALABRIA;Altro;CALABRIA;TUTTE;TUTTI;3150000000.0;REGIONE CALABRIA;programmazione / progetto attivo;ATTIVO;https://www.opencup.gov.it/portale/progetto/-/cup/J53G05000080001
78;E51I04000010007;LINEA C, METROPOLITANA DI ROMA;Altro;LAZIO;ROMA;ROMA;3047424106.0;soggetto privato;programmazione / progetto attivo;ATTIVO;https://www.opencup.gov.it/portale/progetto/-/cup/E51I04000010007
78;J41G23000070001;LINEA FERROVIARIA DEL COMPARTIMENTO DI BOLOGNA;Altro;EMILIA-ROMAGNA;TUTTE;TUTTI;3000000000.0;RETE FERROVIARIA ITALIANA S.P.A.;programmazione / progetto attivo;ATTIVO;https://www.opencup.gov.it/portale/progetto/-/cup/J41G23000070001
100;H62E02000010006;REALIZZAZIONE DELLA RETE IDRICAINTERNA DEL COMUNE E DELLE SUE FRAZIONI;Ambiente / rifiuti / depurazione;SICILIA;MESSINA;FONDACHELLI-FANTINA;18500000000.0;COMUNE DI FONDACHELLI-FANTINA - MESSINA -;programmazione / progetto attivo;ATTIVO;https://www.opencup.gov.it/portale/progetto/-/cup/H62E02000010006
100;F33F25000000005;SERVIZIO IDRICO INTEGRATO (SII) NELLAMBITO TERRITORIALE OTTIMALE (ATO) PUGLIA;Ambiente / rifiuti / depurazione;PUGLIA;TUTTE;TUTTI;17367530035.0;AUTORITÀ IDRICA PUGLIESE - BARI;programmazione / progetto attivo;ATTIVO;https://www.opencup.gov.it/portale/progetto/-/cup/F33F25000000005
100;J82F22001280005;CONCESSIONE DEL POLO IMPIANTISTICO RELATIVO ALLA PROGETTAZIONE, AUTORIZZAZIONE COSTRUZIONE E GESTIONE DI UN IMPIANTO DI TERMOVALORIZZAZIONE E DELLIMPIANTISTICA ANCILLARE DEPUTATA ALLA GESTIONE DEI RIFIUTI RESIDUI DECADENTI DAL TRATTAMENTO TERMICO,;Ambiente / rifiuti / depurazione;LAZIO;ROMA;ROMA;7500000000.0;ROMA CAPITALE;programmazione / progetto attivo;ATTIVO;https://www.opencup.gov.it/portale/progetto/-/cup/J82F22001280005
100;I24E03000230005;Lavori di adeguamento e di estensione del sistema fognario comunale;Ambiente / rifiuti / depurazione;LIGURIA;GENOVA;LAVAGNA;3460261000.0;COMUNE DI LAVAGNA - GE -;chiuso;CHIUSO;https://www.opencup.gov.it/portale/progetto/-/cup/I24E03000230005
100;D44E05000060005;Riefficentamento reti idriche nei comuni di Atri, Silvi, Città S. Angelo, Cappelle sul Tavo, Montesilvano, Pescara, Spoltore, Francavilla al Mare nelle Province di Pescara, Chieti e Teramo;Ambiente / rifiuti / depurazione;ABRUZZO;TUTTE;TUTTI;2767397750.0;ENTE D'AMBITO PESCARESE;programmazione / progetto attivo;ATTIVO;https://www.opencup.gov.it/portale/progetto/-/cup/D44E05000060005
100;J42B08000040004;SERVIZIO LAVORI PUBBLICI;Ambiente / rifiuti / depurazione;LAZIO;ROMA;CASTELNUOVO DI PORTO;1632050000.0;COMUNE DI CASTELNUOVO DI PORTO - RM -;chiuso;CHIUSO;https://www.opencup.gov.it/portale/progetto/-/cup/J42B08000040004
100;C52I11000250004;DEPURATORE DI CECIMA E DI SALICE TERME GODIASCO;Ambiente / rifiuti / depurazione;LOMBARDIA;PAVIA;GODIASCO SALICE TERME;1628456000.0;COMUNITA' MONTANA OLTREPO' PAVESE;chiuso;CHIUSO;https://www.opencup.gov.it/portale/progetto/-/cup/C52I11000250004
100;D11D15000020005;AFFIDAMENTO IN CONCESSIONE DEL SERVIZIO IDRICO INTEGRATO PER LA PROVINCIA DI PIACENZA COMPRENSIVO DELLA REALIZZAZIONE DEI LAVORI STRUMENTALI;Ambiente / rifiuti / depurazione;EMILIA-ROMAGNA;PIACENZA;TUTTI;1500000000.0;AGENZIA TERRITORIALE DELL'EMILIA ROMAGNA PER I SERVIZI IDRICI E RIFIUTI - ATERSIR;programmazione / progetto attivo;ATTIVO;https://www.opencup.gov.it/portale/progetto/-/cup/D11D15000020005
100;I31E24000200004;TERRITORIO DEL COMUNE DI VERONA;Ambiente / rifiuti / depurazione;VENETO;VERONA;VERONA;833451016.0;COMUNE DI VERONA - VERONA -;programmazione / progetto attivo;ATTIVO;https://www.opencup.gov.it/portale/progetto/-/cup/I31E24000200004
100;E31D21000340005;RETI DI DISTRIBUZIONE;Ambiente / rifiuti / depurazione;PUGLIA;TUTTE;TUTTI;809843422.0;ACQUEDOTTO PUGLIESE S.P.A.;programmazione / progetto attivo;ATTIVO;https://www.opencup.gov.it/portale/progetto/-/cup/E31D21000340005
100;B84I07000010002;CONSORZIO DI MIGLIORAMENTO FONDIARIO STAFFELSBERG;Ambiente / rifiuti / depurazione;TRENTINO-ALTO ADIGE;BOLZANO;SAN PANCRAZIO;681960000.0;PROVINCIA AUTONOMA DI BOLZANO;chiuso;CHIUSO;https://www.opencup.gov.it/portale/progetto/-/cup/B84I07000010002
100;I74I00000000001;RETI IRRIGUE E COMPENSORI IRRIGUI DELL'ENTE;Ambiente / rifiuti / depurazione;SICILIA;PALERMO;PALERMO;646224440.0;CONSORZIO DI BONIFICA 2 PALERMO;programmazione / progetto attivo;ATTIVO;https://www.opencup.gov.it/portale/progetto/-/cup/I74I00000000001
100;G52G12000080002;CONTRATTO PER LA GESTIONE PROVVISORIA,DAL 26/01/2012 AL 31/12/2012 DELL¿IMPIANTO DI DISSALAZIONE DELLE ACQUE MARINE DI LINOSA DI PROPRIETA¿ DELLA REGIONE SICILIANA;Ambiente / rifiuti / depurazione;SICILIA;AGRIGENTO;LAMPEDUSA E LINOSA;634316000.0;REGIONE AUTONOMA DELLA SICILIA;chiuso;CHIUSO;https://www.opencup.gov.it/portale/progetto/-/cup/G52G12000080002
100;D71J23000620006;COMPONENTI ELETTROMECCANICHE, IMPIANTISTICHE E CIVILI DEL SISTEMA MO.S.E.;Ambiente / rifiuti / depurazione;VENETO;VENEZIA;VENEZIA;627000000.0;MINISTERO DELLE INFRASTRUTTURE E DEI TRASPORTI;programmazione / progetto attivo;ATTIVO;https://www.opencup.gov.it/portale/progetto/-/cup/D71J23000620006
100;G33E17000400006;SISTEMA ACQUEDOTTISTICO PESCHIERA - CAPORE;Ambiente / rifiuti / depurazione;LAZIO;RIETI;CITTADUCALE;620000000.0;ACEA ATO 2 S.P.A.;programmazione / progetto attivo;ATTIVO;https://www.opencup.gov.it/portale/progetto/-/cup/G33E17000400006
100;G85C13000480006;COMUNE DI NIZZA DI SICILIA;Ambiente / rifiuti / depurazione;SICILIA;MESSINA;NIZZA DI SICILIA;574106860.0;REGIONE AUTONOMA DELLA SICILIA;programmazione / progetto attivo;ATTIVO;https://www.opencup.gov.it/portale/progetto/-/cup/G85C13000480006
100;F58H24001260001;ADEGUAMENTO IN QUOTA DEGLI ARGINI MAESTRI DEL FIUME PO;Ambiente / rifiuti / depurazione;TUTTE;TUTTE;TUTTI;550000000.0;AUTORITÀ DI BACINO DEL FIUME PO;programmazione / progetto attivo;ATTIVO;https://www.opencup.gov.it/portale/progetto/-/cup/F58H24001260001
100;G62E21000930005;MESSA IN SICUREZZA E AMMODERNAMENTO DEL SISTEMA IDRICO DEL PESCHIERA, L. N. 108/2021, EX DL N. 77/2021 - SOTTOPROGETTO NUOVO ACQUEDOTTO MARCIO  II LOTTO;Ambiente / rifiuti / depurazione;LAZIO;ROMA;VICOVARO;519966182.0;ACEA ATO 2 S.P.A.;programmazione / progetto attivo;ATTIVO;https://www.opencup.gov.it/portale/progetto/-/cup/G62E21000930005
100;H66G96000010001;FIUME LAMBRO;Ambiente / rifiuti / depurazione;LOMBARDIA;MILANO;LOCATE DI TRIULZI;516456900.0;MINISTERO DELLE INFRASTRUTTURE E DEI TRASPORTI;chiuso;CHIUSO;https://www.opencup.gov.it/portale/progetto/-/cup/H66G96000010001
100;B87B20098990009;UTILIZZO POTABILE DELLE ACQUE DELL'INVASO DELLA DIGA DI CAMPOLATTARO;Ambiente / rifiuti / depurazione;CAMPANIA;BENEVENTO;BENEVENTO;478950725.0;REGIONE CAMPANIA;programmazione / progetto attivo;ATTIVO;https://www.opencup.gov.it/portale/progetto/-/cup/B87B20098990009
100;E19D09000160006;PAR FAS 2007/2013. RECUPERO URBANO DELLE AREE RICOMPRESE TRA VIA RUBATTO, VIA MATTEOTTI, VIA DELLE CASELLE E PARCO ROCCA CON REALIZZAZIONE NUOVO TEATRO E PARCHEGGIO INTERRATO (SUBAMBITO A E SUBAMBITO B);Cultura / centri civici;LIGURIA;SAVONA;LOANO;5167221000.0;COMUNE DI LOANO - SAVONA -;chiuso;CHIUSO;https://www.opencup.gov.it/portale/progetto/-/cup/E19D09000160006
100;B48J10000110004;TEATRO ALLA SCALA;Cultura / centri civici;LOMBARDIA;MILANO;MILANO;388187400.0;COMUNE DI MILANO - MI -;programmazione / progetto attivo;ATTIVO;https://www.opencup.gov.it/portale/progetto/-/cup/B48J10000110004
100;F28C09000110005;ORATORIO AUDITORIUM PARROCCHIALE;Cultura / centri civici;LOMBARDIA;BERGAMO;TORRE BOLDONE;270000000.0;soggetto privato;programmazione / progetto attivo;ATTIVO;https://www.opencup.gov.it/portale/progetto/-/cup/F28C09000110005
100;B61I01000000001;LINEA 9 DELLA METROPOLITANA DI NAPOLI DEI DUE MUSEI;Cultura / centri civici;CAMPANIA;NAPOLI;NAPOLI;260000000.0;COMUNE DI NAPOLI - NA -;programmazione / progetto attivo;ATTIVO;https://www.opencup.gov.it/portale/progetto/-/cup/B61I01000000001
100;F19I04000010001;MUSEO NAZIONALE DI ARCHEOLOGIA SUBACQUEA;Cultura / centri civici;FRIULI-VENEZIA GIULIA;GORIZIA;GRADO;193712000.0;MINISTERO DELLA CULTURA;chiuso;CHIUSO;https://www.opencup.gov.it/portale/progetto/-/cup/F19I04000010001
100;I52B03000010002;UFFICIO TECNICO;Cultura / centri civici;SARDEGNA;ORISTANO;BONARCADO;190000000.0;COMUNE DI BONARCADO - ORISTANO -;chiuso;CHIUSO;https://www.opencup.gov.it/portale/progetto/-/cup/I52B03000010002
100;F19I04000020001;MUSEO NAZIONALE DI ARCHEOLOGIA SUBACQUEA;Cultura / centri civici;FRIULI-VENEZIA GIULIA;GORIZIA;GRADO;180802120.0;MINISTERO DELLA CULTURA;chiuso;CHIUSO;https://www.opencup.gov.it/portale/progetto/-/cup/F19I04000020001
100;B91J03000010002;Recupero riqualificazione e valorizzazione teatro S. Francesco sala Ignazio Silone.;Cultura / centri civici;ABRUZZO;L'AQUILA;PESCINA;179898190.0;COMUNE DI PESCINA - L'AQUILA -;chiuso;CHIUSO;https://www.opencup.gov.it/portale/progetto/-/cup/B91J03000010002
100;D79J21006450006;PROGETTO DI SVILUPPO E POTENZIAMENTO DELLE ATTIVITÀ DE LA BIENNALE DI VENEZIA IN FUNZIONE DELLA COSTRUZIONE DI UN POLO PERMANENTE DI ECCELLENZA NAZIONALE ED INTERNAZIONALE A VENEZIA;Cultura / centri civici;VENETO;VENEZIA;VENEZIA;169556000.0;FONDAZIONE ' LA BIENNALE DI VENEZIA ';programmazione / progetto attivo;ATTIVO;https://www.opencup.gov.it/portale/progetto/-/cup/D79J21006450006
100;J89H09000490005;MUSEO CIVICO DI ZOOLOGIA;Cultura / centri civici;LAZIO;ROMA;ROMA;160598000.0;ROMA CAPITALE;programmazione / progetto attivo;ATTIVO;https://www.opencup.gov.it/portale/progetto/-/cup/J89H09000490005
100;J36D04000090006;Museo archeologico del castello normanno in Adrano. Lavori di adeguamento alla normativa di sicurezza;Cultura / centri civici;SICILIA;CATANIA;ADRANO;157002900.0;COMUNE DI ADRANO - CATANIA -;programmazione / progetto attivo;ATTIVO;https://www.opencup.gov.it/portale/progetto/-/cup/J36D04000090006
100;G55J05000220001;Realizzazione di un museo delle favole e di un parco giochi all'aperto;Cultura / centri civici;CALABRIA;REGGIO DI CALABRIA;BRUZZANO ZEFFIRIO;150000000.0;CONSORZIO EVOLUZIONE PER LO SVILUPPO ECONOMICO E SOCIALE DEL BASSO IONIO REGGINO;programmazione / progetto attivo;ATTIVO;https://www.opencup.gov.it/portale/progetto/-/cup/G55J05000220001
100;I56F03000020002;UFFICIO TECNICO;Cultura / centri civici;SARDEGNA;ORISTANO;BONARCADO;141000000.0;COMUNE DI BONARCADO - ORISTANO -;chiuso;CHIUSO;https://www.opencup.gov.it/portale/progetto/-/cup/I56F03000020002
100;F75G06000040001;Museo paleocristiano di Aquileia Restauro;Cultura / centri civici;FRIULI-VENEZIA GIULIA;UDINE;AQUILEIA;138179000.0;MINISTERO DELLA CULTURA;chiuso;CHIUSO;https://www.opencup.gov.it/portale/progetto/-/cup/F75G06000040001
100;I66G04000200001;Progetto per il recupero a fini turistici dell'ecomuseo CENTRALE BERTIN;Cultura / centri civici;VALLE D'AOSTA;AOSTA;ETROUBLES;133765600.0;COMUNE DI ETROUBLES - AOSTA -;chiuso;CHIUSO;https://www.opencup.gov.it/portale/progetto/-/cup/I66G04000200001
100;J56J03000020002;Museo diffuso del Grappa, dal Brenta al Piave;Cultura / centri civici;VENETO;TREVISO;PEDEROBBA;124990000.0;COMUNITA' MONTANA DEL GRAPPA;programmazione / progetto attivo;ATTIVO;https://www.opencup.gov.it/portale/progetto/-/cup/J56J03000020002
100;B69D03000000002;LAVORI DI COMPLETAMENTO CENTRO CULTURALE -2° INTERVENTO -;Cultura / centri civici;SARDEGNA;SASSARI;OSSI;103291000.0;COMUNE DI OSSI - SS -;chiuso;CHIUSO;https://www.opencup.gov.it/portale/progetto/-/cup/B69D03000000002
100;D33I06000080001;Nuova sede della Facoltà di Giurisprudenza,della Facoltà di Scienze Politiche e della Biblioteca Interdipartimentale;Cultura / centri civici;PIEMONTE;TORINO;TORINO;91302000.0;UNIVERSITA' DEGLI STUDI DI TORINO;programmazione / progetto attivo;ATTIVO;https://www.opencup.gov.it/portale/progetto/-/cup/D33I06000080001
100;J39I08000000005;AUDITORIUM (EX CHIESA DI SAN LORENZO);Cultura / centri civici;VENETO;BELLUNO;LOZZO DI CADORE;65000000.0;COMUNE DI LOZZO DI CADORE - BELLUNO -;chiuso;CHIUSO;https://www.opencup.gov.it/portale/progetto/-/cup/J39I08000000005
100;H11E16001140001;NUOVO TEATRO DELLOPERA DI FIRENZE;Cultura / centri civici;TOSCANA;FIRENZE;FIRENZE;60000000.0;COMUNE DI FIRENZE - FI -;programmazione / progetto attivo;ATTIVO;https://www.opencup.gov.it/portale/progetto/-/cup/H11E16001140001
100;G95I07000060007;AZIENDA AGRICOLA GOLLIA S.S.;Edilizia pubblica;SICILIA;CATANIA;BRONTE;526163820.0;REGIONE AUTONOMA DELLA SICILIA;programmazione / progetto attivo;ATTIVO;https://www.opencup.gov.it/portale/progetto/-/cup/G95I07000060007
100;J81I05000070002;LINEA A, METROPOLITANA DI ROMA;Edilizia pubblica;LAZIO;ROMA;ROMA;379815868.0;ROMA CAPITALE;programmazione / progetto attivo;ATTIVO;https://www.opencup.gov.it/portale/progetto/-/cup/J81I05000070002
100;J87H11001260004;MUNICIPIO ROMA 6 VIA TORRE ANNUNZIATA,1;Edilizia pubblica;LAZIO;ROMA;ROMA;199876490.0;ROMA CAPITALE;chiuso;CHIUSO;https://www.opencup.gov.it/portale/progetto/-/cup/J87H11001260004
100;J88J11000270004;LAVORI DI POTATURA DELLE ALBERATE STRADALI DI ALTO FUSTO NEL MUNICIPIO ROMA XIII;Edilizia pubblica;LAZIO;ROMA;ROMA;187499000.0;ROMA CAPITALE;programmazione / progetto attivo;ATTIVO;https://www.opencup.gov.it/portale/progetto/-/cup/J88J11000270004
100;B54B02000020001;PRES. DELLA REPUBBLICA - Tenuta Castelporziano - lavori s.u. consolidamento e risanamento ambienti studio e locali limitrofi nel fabbricato Castello;Edilizia pubblica;LAZIO;ROMA;ROMA;183120850.0;MINISTERO DELLE INFRASTRUTTURE E DEI TRASPORTI;programmazione / progetto attivo;ATTIVO;https://www.opencup.gov.it/portale/progetto/-/cup/B54B02000020001
100;J85D09000690004;MUNICIPIO ROMA CENTRO STORICO, VIA PETROSELLI N. 50, 00186 ROMA;Edilizia pubblica;LAZIO;ROMA;ROMA;177273610.0;ROMA CAPITALE;programmazione / progetto attivo;ATTIVO;https://www.opencup.gov.it/portale/progetto/-/cup/J85D09000690004
100;E28F04000000002;LAVORI DI RISTRUTTURAZIONE MUNICIPIO;Edilizia pubblica;FRIULI-VENEZIA GIULIA;UDINE;CAMPOLONGO TAPOGLIANO;169982000.0;COMUNE DI CAMPOLONGO AL TORRE - UDINE -;programmazione / progetto attivo;ATTIVO;https://www.opencup.gov.it/portale/progetto/-/cup/E28F04000000002
100;J86J07000610004;RIASFALTATURA DI VIA TORRENOVA E COLLEGAMENTO VIARIO RICADENTE NEL MUNICIPIO VIII ROMA DELLE TORRI;Edilizia pubblica;LAZIO;ROMA;ROMA;161952000.0;ROMA CAPITALE;programmazione / progetto attivo;ATTIVO;https://www.opencup.gov.it/portale/progetto/-/cup/J86J07000610004
100;J85D11000940004;SCUOLE MEDIE, UFFICI E CENTRI DI ASSISTENZA DI COMPETENZA DEL MUNICIPIO ROMA XI;Edilizia pubblica;LAZIO;ROMA;ROMA;156862000.0;ROMA CAPITALE;programmazione / progetto attivo;ATTIVO;https://www.opencup.gov.it/portale/progetto/-/cup/J85D11000940004
100;H57D03000000002;Sede Comunale - Completamento -L.R.88/80 - Es. Fin. 2003 - D.G.R. n.1308/2000 - Mutuo Cassa DD.PP. Pos. n.4404287 00;Edilizia pubblica;LAZIO;FROSINONE;PIGLIO;154937000.0;COMUNE DI PIGLIO - FROSINONE -;chiuso;CHIUSO;https://www.opencup.gov.it/portale/progetto/-/cup/H57D03000000002
100;E41H01000000014;cablaggio della rete di trasmissione dati del fabbricato comunale sito in Via Calegna destinato a sede distaccata del Tribunale di Latina e opere murarie connesse;Edilizia pubblica;LAZIO;LATINA;GAETA;141588840.0;COMUNE DI GAETA - LATINA -;programmazione / progetto attivo;ATTIVO;https://www.opencup.gov.it/portale/progetto/-/cup/E41H01000000014
100;E76B02000010002;ALLOGGI DI EDILIZIA RESIDENZIALE PUBBLICA;Edilizia pubblica;TOSCANA;LUCCA;MASSAROSA;134072210.0;E.R.P. LUCCA S.R.L. (SOGGETTO GESTORE DELL'EDILIZIA RESIDENZIALE PUBBLICA DELLA PROVINCIA DI LUCCA S.R.L.);programmazione / progetto attivo;ATTIVO;https://www.opencup.gov.it/portale/progetto/-/cup/E76B02000010002
100;C13J07000050004;COSTRUZIONE NUOVA SEDE CIIP IN LOCALITA' MALISCIA;Edilizia pubblica;MARCHE;ASCOLI PICENO;MONTALTO DELLE MARCHE;122602000.0;COMUNE DI MONTALTO DELLE MARCHE - AP -;chiuso;CHIUSO;https://www.opencup.gov.it/portale/progetto/-/cup/C13J07000050004
100;D17E02000000007;RISTRUTTURAZIONE DELLA SEDE COMUNALE;Edilizia pubblica;FRIULI-VENEZIA GIULIA;TRIESTE;SGONICO;116481120.0;COMUNE DI SGONICO - TRIESTE -;chiuso;CHIUSO;https://www.opencup.gov.it/portale/progetto/-/cup/D17E02000000007
100;C41J12000130004;RISTRUTTURAZIONE SEDE DEL MUNICIPIO;Edilizia pubblica;LOMBARDIA;BRESCIA;SERLE;90740000.0;COMUNE DI SERLE - BRESCIA -;chiuso;CHIUSO;https://www.opencup.gov.it/portale/progetto/-/cup/C41J12000130004
100;J81I99000000005;LINEA A, METROPOLITANA DI ROMA;Edilizia pubblica;LAZIO;ROMA;ROMA;82899144.0;ROMA CAPITALE;programmazione / progetto attivo;ATTIVO;https://www.opencup.gov.it/portale/progetto/-/cup/J81I99000000005
100;D48G07000000009;INVESTIMENTI LOMBARDI SRL VIA FERMI 33 SAN GIORGIO DI NOGARO.ATTIVITA DI GESTIONE IMMOBILIARE LEGGE 8/70COSTRUZIONE FABBRICATO PER LA PRODUZIONE DI LAMIERE.;Edilizia pubblica;FRIULI-VENEZIA GIULIA;UDINE;SAN GIORGIO DI NOGARO;80000000.0;REGIONE AUTONOMA FRIULI VENEZIA GIULIA;chiuso;CHIUSO;https://www.opencup.gov.it/portale/progetto/-/cup/D48G07000000009
100;J11H02000040AB8;NODO DI TORINO;Edilizia pubblica;PIEMONTE;TORINO;TUTTI;79000000.0;RETE FERROVIARIA ITALIANA S.P.A.;chiuso;CHIUSO;https://www.opencup.gov.it/portale/progetto/-/cup/J11H02000040AB8
100;H21E11000250006;"IMMOBILI PRIVATI IN CLASSE DI PRIORITA' ""A"" - PEU 33 SP 2";Edilizia pubblica;MOLISE;CAMPOBASSO;CASTELLINO DEL BIFERNO;77145000.0;COMUNE DI CASTELLINO DEL BIFERNO - CAMPOBASSO -;programmazione / progetto attivo;ATTIVO;https://www.opencup.gov.it/portale/progetto/-/cup/H21E11000250006
100;I95F22000760002;REALIZZAZIONE DI UN EDIFICIO POLIFUNZIONALE NELLAREA OSPEDALIERA DI VIA GIUSTINIANI  PADOVA  FASE 2 MASTERPLAN - IN SOSTITUZIONE DELLEDIFICIO N. 30 (EX CUCINE) E PARZIALI RISTRUTTURAZIONI DEGLI EDIFICI ADIACENTI;Edilizia pubblica;VENETO;PADOVA;PADOVA;73436690.0;REGIONE VENETO AZIENDA OSPEDALE - UNIVERSITÀ PADOVA;programmazione / progetto attivo;ATTIVO;https://www.opencup.gov.it/portale/progetto/-/cup/I95F22000760002
78;E49E04000030003;EDIFICI ED ISTITUTI SCOLASTICI DI COMPETENZA PROVINCIALE;Energia;ABRUZZO;TERAMO;TERAMO;7670616000.0;AMMINISTRAZIONE PROVINCIALE DI TERAMO;programmazione / progetto attivo;ATTIVO;https://www.opencup.gov.it/portale/progetto/-/cup/E49E04000030003
78;B44I00000000003;CONCESSIONE PER LA COSTRUZIONE E GESTIONE DELL'IMPIANTO DI DISTRIBUZIONE DEL GAS METANO NEL TERRITORIO DEGLI 8 COMUNI ADERENTI AL CONSORZIO;Energia;ABRUZZO;L'AQUILA;OPI;5567405000.0;CONSORZIO ENERGIA E SERVIZI COMUNI DEL PNALM;programmazione / progetto attivo;ATTIVO;https://www.opencup.gov.it/portale/progetto/-/cup/B44I00000000003
78;I13F24000140001;CORRIDOIO IONICO-TIRRENICO - HVDC PRIOLO-ROSSANO-MONTECORVINO-LATINA;Energia;CALABRIA;COSENZA;CORIGLIANO-ROSSANO;4114000000.0;TERNA RETE ITALIA;programmazione / progetto attivo;ATTIVO;https://www.opencup.gov.it/portale/progetto/-/cup/I13F24000140001
78;I29I19000020001;HVDC CONTINENTE-SICILIA-SARDEGNA;Energia;SARDEGNA;SUD SARDEGNA;VILLASOR;2700000000.0;TERNA RETE ITALIA;programmazione / progetto attivo;ATTIVO;https://www.opencup.gov.it/portale/progetto/-/cup/I29I19000020001
78;I53F24000010001;PROGETTO HYPERGRID HVDC MILANO-MONTALTO;Energia;LAZIO;VITERBO;MONTALTO DI CASTRO;2700000000.0;TERNA RETE ITALIA;programmazione / progetto attivo;ATTIVO;https://www.opencup.gov.it/portale/progetto/-/cup/I53F24000010001
78;I13F24000020001;CLUSTER ADRIATICO  HVDC FOGGIA-VILLANOVA-FANO-FORLÌ;Energia;PUGLIA;FOGGIA;FOGGIA;2350000000.0;TERNA RETE ITALIA;programmazione / progetto attivo;ATTIVO;https://www.opencup.gov.it/portale/progetto/-/cup/I13F24000020001
78;J84I08000040004;COMUNE DI ROMA;Energia;LAZIO;ROMA;ROMA;1245400000.0;ROMA CAPITALE;programmazione / progetto attivo;ATTIVO;https://www.opencup.gov.it/portale/progetto/-/cup/J84I08000040004
78;I62D19000030001;HVDC CENTRO SUD - CENTRO NORD;Energia;MARCHE;PESARO E URBINO;FANO;1116000000.0;TERNA RETE ITALIA;programmazione / progetto attivo;ATTIVO;https://www.opencup.gov.it/portale/progetto/-/cup/I62D19000030001
78;E63F22000090007;FSRU RAVENNA E COLLEGAMENTO ALLA RETE NAZIONALE GASDOTTI;Energia;EMILIA-ROMAGNA;RAVENNA;RAVENNA;1000000000.0;soggetto privato;programmazione / progetto attivo;ATTIVO;https://www.opencup.gov.it/portale/progetto/-/cup/E63F22000090007
78;B64I06000140004;RETE DI DISTRIBUZIONE GAS METANO;Energia;LOMBARDIA;BERGAMO;BREMBATE DI SOPRA;935711000.0;COMUNE DI BREMBATE DI SOPRA - BG -;chiuso;CHIUSO;https://www.opencup.gov.it/portale/progetto/-/cup/B64I06000140004
78;F93D14001230007;IMPIANTO DI PRODUZIONE SOTTOMARINO (4 POZZI GAS) LINEE SOTTOMARINE DI INTERCONNESSIONE CONDOTTA SOTTOMARINA IMPIANTO DI RICEVIMENTO E TRATTAMENTO A TERRA INTERCONNESSIONI (LINEE ELETTRICHE E STRUMENTALI E CONDOTTA);Energia;SICILIA;CALTANISSETTA;GELA;900000000.0;ENI MEDITERRANEA IDROCARBURI SPA - GELA (CL);programmazione / progetto attivo;ATTIVO;https://www.opencup.gov.it/portale/progetto/-/cup/F93D14001230007
78;F75F07000100007;PROGETTO TEMPA ROSSA;Energia;BASILICATA;POTENZA;CORLETO PERTICARA;877000000.0;TOTAL ITALIA S.P.A.;programmazione / progetto attivo;ATTIVO;https://www.opencup.gov.it/portale/progetto/-/cup/F75F07000100007
78;H89J21005010007;CONCESSIONE MEDIANTE PROJECT FINANCING EX ART. 183 C. 15 D.LGS. 50/2016 PER LA REALIZZAZIONE DELLEFFICIENTAMENTO ENERGETICO E MIGLIORAMENTO SISMICO DEL PATRIMONIO DELLATER PROVINCIA DI ROMA LOCALIZZATO NEL TERRITORIO DELLA PROVINCIA DI ROMA;Energia;LAZIO;ROMA;ROMA;816473241.0;ATER DELLA PROVINCIA DI ROMA;programmazione / progetto attivo;ATTIVO;https://www.opencup.gov.it/portale/progetto/-/cup/H89J21005010007
78;I21C22000010005;PATERNARIATO PER L'INNOVAZIONE FINALIZZATO ALL'INDIVIDUAZIONE ED EVENTUALE REALIZZAZIONE DI UN SISTEMA DI TRASPORTO PER MERCI E PASSEGGERI, ULTRAVELOCE A BASSO CONSUMO D'ENERGIA.;Energia;VENETO;PADOVA;PADOVA;800000000.0;CAV S.P.A. CONCESSIONI AUTOSTRADALI VENETE;programmazione / progetto attivo;ATTIVO;https://www.opencup.gov.it/portale/progetto/-/cup/I21C22000010005
78;G55J07000170001;Elettrodotto 500 kV HVDC di interconnessione Italia - Balcani;Energia;TUTTE;TUTTE;TUTTI;763200000.0;TERNA S.P.A;programmazione / progetto attivo;ATTIVO;https://www.opencup.gov.it/portale/progetto/-/cup/G55J07000170001
78;I21B21002230001;HVDC GRITA 2;Energia;PUGLIA;LECCE;GALATINA;750000000.0;TERNA RETE ITALIA;programmazione / progetto attivo;ATTIVO;https://www.opencup.gov.it/portale/progetto/-/cup/I21B21002230001
78;G55J04002370001;Elettrodotto 500 kV HVDC Sardegna - Continente (SAPEI);Energia;TUTTE;TUTTE;TUTTI;746700000.0;TERNA S.P.A;programmazione / progetto attivo;ATTIVO;https://www.opencup.gov.it/portale/progetto/-/cup/G55J04002370001
78;G55J03001660001;Elettrodotto 380 kV Sorgente - Rizziconi;Energia;TUTTE;TUTTE;TUTTI;667800000.0;TERNA S.P.A;programmazione / progetto attivo;ATTIVO;https://www.opencup.gov.it/portale/progetto/-/cup/G55J03001660001
78;B41C19000090005;AFFIDAMENTO DEL SERVIZIO PUBBLICO DI DISTRIBUZIONE DEL GAS NATURALE MEDIANTE TUBAZIONI IN TUTTI I TERRITORI DEI COMUNI DELL'AMBITO TERRITORIALE DI NAPOLI 1;Energia;CAMPANIA;NAPOLI;ERCOLANO;652104895.0;COMUNE DI NAPOLI - NA -;programmazione / progetto attivo;ATTIVO;https://www.opencup.gov.it/portale/progetto/-/cup/B41C19000090005
78;I49J20001670005;INTERVENTI DI EFFICIENTAMENTO ENERGETICO DEL PATRIMONIO IMMOBILIARE DI PROPRIETÀ DI ALER E/O GESTITO DALLA STESSA, SITO IN MILANO E PROVINCIA;Energia;LOMBARDIA;MILANO;MILANO;555968752.0;AZIENDA LOMBARDA EDILIZIA RESIDENZIALE MILANO;programmazione / progetto attivo;ATTIVO;https://www.opencup.gov.it/portale/progetto/-/cup/I49J20001670005
100;D75I23000190001;CASERMA LOLLI GHETTI;Industriale / logistica;PUGLIA;BARLETTA-ANDRIA-TRANI;TRANI;960000000.0;MINISTERO DELLA DIFESA;programmazione / progetto attivo;ATTIVO;https://www.opencup.gov.it/portale/progetto/-/cup/D75I23000190001
100;H79J01000010001;Spese generali di mantenimento dell'ufficio coordinamento servizio di piena comprendenti: manutenzioni reti televisive centro elaborazione dati fornitura e rinnovo apparecchiature. Spese correnti del magazzino Centrale, spese funzionamento automezzi e autoscafi in dotazione.;Industriale / logistica;EMILIA-ROMAGNA;PARMA;TUTTI;361519830.0;MINISTERO DELLE INFRASTRUTTURE E DEI TRASPORTI;chiuso;CHIUSO;https://www.opencup.gov.it/portale/progetto/-/cup/H79J01000010001
100;C21B03000060001;PORTO DI TRIESTE;Industriale / logistica;FRIULI-VENEZIA GIULIA;TRIESTE;TRIESTE;250000000.0;AUTORITA' DI SISTEMA PORTUALE DEL MARE ADRIATICO ORIENTALE;programmazione / progetto attivo;ATTIVO;https://www.opencup.gov.it/portale/progetto/-/cup/C21B03000060001
100;F71G06000070005;PORTO DI VENEZIA, SEZIONE DI MARGHERA;Industriale / logistica;VENETO;VENEZIA;VENEZIA;218228880.0;AUTORITA' DI SISTEMA PORTUALE DEL MARE ADRIATICO SETTENTRIONALE;chiuso;CHIUSO;https://www.opencup.gov.it/portale/progetto/-/cup/F71G06000070005
100;J49D03000020004;PALASPORT, VIA DEI CONDOTTI VECCHI: REALIZZAZIONE MAGAZZINO DI SERVIZIO;Industriale / logistica;TOSCANA;LIVORNO;LIVORNO;165600000.0;COMUNE DI LIVORNO - LI -;chiuso;CHIUSO;https://www.opencup.gov.it/portale/progetto/-/cup/J49D03000020004
100;D11E05000000008;PORTO DI TARANTO;Industriale / logistica;PUGLIA;TARANTO;TARANTO;156149000.0;AUTORITA' DI SISTEMA PORTUALE DEL MAR IONIO;programmazione / progetto attivo;ATTIVO;https://www.opencup.gov.it/portale/progetto/-/cup/D11E05000000008
100;H88I01000000001;Fornitura materiale servizio piena e manutenzione straordinaria locali,darsena e dell' arco di pertinenza in uso dell ex ufficio Speciale del Genio Civile per il Po e Magazzino Centrale di Boretto.;Industriale / logistica;EMILIA-ROMAGNA;REGGIO NELL'EMILIA;TUTTI;154937060.0;MINISTERO DELLE INFRASTRUTTURE E DEI TRASPORTI;chiuso;CHIUSO;https://www.opencup.gov.it/portale/progetto/-/cup/H88I01000000001
100;C61E16000310001;INTERVENTI INFRASTRUTTURALI PER L'ACCOGLIENZA E LA LOGISTICA;Industriale / logistica;CAMPANIA;NAPOLI;NAPOLI;153726321.0;ARUS -AGENZIA REGIONALE UNIVERSIADI PER LO SPORT - NAPOLI;programmazione / progetto attivo;ATTIVO;https://www.opencup.gov.it/portale/progetto/-/cup/C61E16000310001
100;D99F22000270002;NUOVI UFFICI REGIONALI - RESTAURO E RISANAMENTO CONSERVATIVO DELLEDIFICIO N.118, MAGAZZINO N.7, MAGAZZINO N.10 E HANGAR N.21 DI PORTO VECCHIO A TRIESTE;Industriale / logistica;FRIULI-VENEZIA GIULIA;TRIESTE;TRIESTE;150000000.0;REGIONE AUTONOMA FRIULI VENEZIA GIULIA;programmazione / progetto attivo;ATTIVO;https://www.opencup.gov.it/portale/progetto/-/cup/D99F22000270002
100;J91B21002600001;PIANO STRATEGICO DELLA LOGISTICA URBANA-PIANIFICAZIONE DI MEZZI DI TRASPORTO ALTERNATIVO-;Industriale / logistica;PUGLIA;BARI;BARI;103200000.0;COMUNE DI BARI - BA -;programmazione / progetto attivo;ATTIVO;https://www.opencup.gov.it/portale/progetto/-/cup/J91B21002600001
100;B41F04000010008;AEROPORTO ARLOTTA;Industriale / logistica;PUGLIA;TARANTO;GROTTAGLIE;98672032.0;AEROPORTI DI PUGLIA S.P.A.;chiuso;CHIUSO;https://www.opencup.gov.it/portale/progetto/-/cup/B41F04000010008
100;B93F99001150008;TESSIVAL SUD S.R.L. / Airola / ZONA INDUSTRIALE ZONE EX ALFA CAVI / Nuovo impianto;Industriale / logistica;CAMPANIA;BENEVENTO;AIROLA;84094000.0;MINISTERO DELLE IMPRESE E DEL MADE IN ITALY;programmazione / progetto attivo;ATTIVO;https://www.opencup.gov.it/portale/progetto/-/cup/B93F99001150008
100;B53F99000980008;M.C.T. Mediterranea Ceramic Tile S.r.l. / Cutro / Zona Industriale / Nuovo impianto;Industriale / logistica;CALABRIA;CROTONE;CUTRO;79768830.0;MINISTERO DELLE IMPRESE E DEL MADE IN ITALY;programmazione / progetto attivo;ATTIVO;https://www.opencup.gov.it/portale/progetto/-/cup/B53F99000980008
100;H41H14000110005;PIATTAFORMA LOGISTICA;Industriale / logistica;BASILICATA;MATERA;FERRANDINA;70000000.0;AMMINISTRAZIONE PROVINCIALE DI MATERA;programmazione / progetto attivo;ATTIVO;https://www.opencup.gov.it/portale/progetto/-/cup/H41H14000110005
100;C46I23001900008;SOL GAS PRIMARI S.R.L.;Industriale / logistica;MARCHE;PESARO E URBINO;FANO;63810000.0;soggetto privato;programmazione / progetto attivo;ATTIVO;https://www.opencup.gov.it/portale/progetto/-/cup/C46I23001900008
100;B49G15002420004;SEDE UFFICI COMUNALI;Industriale / logistica;LOMBARDIA;MILANO;MILANO;62850000.0;COMUNE DI MILANO - MI -;programmazione / progetto attivo;ATTIVO;https://www.opencup.gov.it/portale/progetto/-/cup/B49G15002420004
100;I64E21001980001;PORTO DI TRIESTE;Industriale / logistica;FRIULI-VENEZIA GIULIA;TRIESTE;MUGGIA;60000000.0;AUTORITA' DI SISTEMA PORTUALE DEL MARE ADRIATICO ORIENTALE;programmazione / progetto attivo;ATTIVO;https://www.opencup.gov.it/portale/progetto/-/cup/I64E21001980001
100;I61B21002290005;PORTO DI TERMINI IMERESE;Industriale / logistica;SICILIA;PALERMO;TERMINI IMERESE;60000000.0;AUTORITA' PORTUALE DI PALERMO;programmazione / progetto attivo;ATTIVO;https://www.opencup.gov.it/portale/progetto/-/cup/I61B21002290005
100;B41E13000240004;SEDE UFFICI COMUNALI;Industriale / logistica;LOMBARDIA;MILANO;MILANO;60000000.0;COMUNE DI MILANO - MI -;programmazione / progetto attivo;ATTIVO;https://www.opencup.gov.it/portale/progetto/-/cup/B41E13000240004
100;B81F18000390005;PIATTAFORMA LOGISTICA GROTTALUPARA;Industriale / logistica;PUGLIA;TARANTO;CASTELLANETA;60000000.0;COMUNE DI CASTELLANETA - TA -;programmazione / progetto attivo;ATTIVO;https://www.opencup.gov.it/portale/progetto/-/cup/B81F18000390005
100;D69J21020060007;CONCESSIONE DELL'AUTOSTRADA A22 BRENNERO-MODENA;Infrastrutture / parcheggi;TRENTINO-ALTO ADIGE;TUTTE;TUTTI;10273615000.0;MINISTERO DELLE INFRASTRUTTURE E DEI TRASPORTI;programmazione / progetto attivo;ATTIVO;https://www.opencup.gov.it/portale/progetto/-/cup/D69J21020060007
100;H34E02000070005;AA 7 AUTOSTRADA MILANO GENOVA, 10 AUTOSTRADA GENOVA VENTIMIGLIA E 12 AUTOSTRADA GENOVA ROMA;Infrastrutture / parcheggi;LIGURIA;GENOVA;GENOVA;4254111749.0;AUTOSTRADE PER L'ITALIA S.P.A.;programmazione / progetto attivo;ATTIVO;https://www.opencup.gov.it/portale/progetto/-/cup/H34E02000070005
100;F11B06000270007;A 36 AUTOSTRADA PEDEMONTANA LOMBARDA;Infrastrutture / parcheggi;LOMBARDIA;VARESE;TUTTI;4114437954.0;CONCESSIONI AUTOSTRADALI LOMBARDE SPA;programmazione / progetto attivo;ATTIVO;https://www.opencup.gov.it/portale/progetto/-/cup/F11B06000270007
100;G71B21010340005;AUTOSTRADA A4 E AUTOSTRADE INTERCONNESSE (A35 BRE.BE.MI., A21 TORINO-BRESCIA, A22 DEL BRENNERO, A31 VALDASTICO, A13 BOLOGNA-PADOVA, A57 TANGENZIALE DI MESTRE);Infrastrutture / parcheggi;LOMBARDIA;BRESCIA;CASTEGNATO;3236239864.0;AUTOSTRADA BRESCIA VERONA VICENZA PADOVA S.P.A.;programmazione / progetto attivo;ATTIVO;https://www.opencup.gov.it/portale/progetto/-/cup/G71B21010340005
100;J39J20001310001;INTERVENTI MESSA IN SICUREZZA E L'AMMODERNAMENTO DELLE TRATTE AUTOSTRADALI A24 ED A25.;Infrastrutture / parcheggi;ABRUZZO;PESCARA;ALANNO;3190000000.0;COMMISSARIO STRAORDINARIO AUTOSTRADE A24 A25;programmazione / progetto attivo;ATTIVO;https://www.opencup.gov.it/portale/progetto/-/cup/J39J20001310001
100;H81B08002150005;SISTEMA DELLE TANGENZIALI VENETE A PEDAGGIO;Infrastrutture / parcheggi;VENETO;PADOVA;VILLAFRANCA PADOVANA;2605600000.0;REGIONE VENETO;programmazione / progetto attivo;ATTIVO;https://www.opencup.gov.it/portale/progetto/-/cup/H81B08002150005
100;H51B03000050009;SUPERSTRADA PEDEMONTANA VENETA;Infrastrutture / parcheggi;VENETO;TUTTE;TUTTI;1989688000.0;REGIONE VENETO;programmazione / progetto attivo;ATTIVO;https://www.opencup.gov.it/portale/progetto/-/cup/H51B03000050009
100;F81B13000800001;COLLEGAMENTO AUTOSTRADALE DA TOR DE' CENCI ALLA A 1 AUTOSTRADA MILANO NAPOLI;Infrastrutture / parcheggi;LAZIO;ROMA;ROMA;1909000000.0;ANAS S.P.A.;programmazione / progetto attivo;ATTIVO;https://www.opencup.gov.it/portale/progetto/-/cup/F81B13000800001
100;F31B23000310001;A 2 AUTOSTRADA SALERNO REGGIO CALABRIA;Infrastrutture / parcheggi;CALABRIA;COSENZA;BELSITO;1803236562.0;ANAS S.P.A.;programmazione / progetto attivo;ATTIVO;https://www.opencup.gov.it/portale/progetto/-/cup/F31B23000310001
100;F74E17000810002;A 29 E S.S. N. 115;Infrastrutture / parcheggi;SICILIA;TRAPANI;TUTTI;1672000000.0;ANAS S.P.A.;programmazione / progetto attivo;ATTIVO;https://www.opencup.gov.it/portale/progetto/-/cup/F74E17000810002
100;H81B96000000008;A 1 AUTOSTRADA MILANO NAPOLI;Infrastrutture / parcheggi;EMILIA-ROMAGNA;TUTTE;TUTTI;1653424645.0;AUTOSTRADE PER L'ITALIA S.P.A.;programmazione / progetto attivo;ATTIVO;https://www.opencup.gov.it/portale/progetto/-/cup/H81B96000000008
100;F82C01000010001;E 78 GROSSETO - FANO;Infrastrutture / parcheggi;MARCHE;PESARO E URBINO;FERMIGNANO;1591255000.0;ANAS S.P.A.;programmazione / progetto attivo;ATTIVO;https://www.opencup.gov.it/portale/progetto/-/cup/F82C01000010001
100;F21B21006730005;S.S. 690 AVEZZANO SORA. LAVORI DI AMMODERNAMENTO NEL TRATTO DI COMPETENZA DELLA STRUTTURA TERRITORIALE ABRUZZO E MOLISE TRA I KM 6+000 E IL KM 39+350;Infrastrutture / parcheggi;ABRUZZO;L'AQUILA;MORINO;1500000000.0;ANAS S.P.A.;programmazione / progetto attivo;ATTIVO;https://www.opencup.gov.it/portale/progetto/-/cup/F21B21006730005
100;F12C03000050011;SS.SS. NN. 77 DELLA VAL DI CHIENTI, 3, 16, 78, INTERVALLIVA DI TOLENTINO - SAN SEVERINO E INTERVALLIVA DI MACERATA;Infrastrutture / parcheggi;MARCHE;TUTTE;TUTTI;1452820000.0;QUADRILATERO MARCHE-UMBRIA S.P.A.;programmazione / progetto attivo;ATTIVO;https://www.opencup.gov.it/portale/progetto/-/cup/F12C03000050011
100;F81B14000950002;A2/SS18;Infrastrutture / parcheggi;CAMPANIA;SALERNO;AGROPOLI;1323280000.0;ANAS S.P.A.;programmazione / progetto attivo;ATTIVO;https://www.opencup.gov.it/portale/progetto/-/cup/F81B14000950002
100;E81B08000060009;AUTOSTRADA REGIONALE CISPADANA;Infrastrutture / parcheggi;EMILIA-ROMAGNA;REGGIO NELL'EMILIA;TUTTI;1308000000.0;REGIONE EMILIA ROMAGNA;programmazione / progetto attivo;ATTIVO;https://www.opencup.gov.it/portale/progetto/-/cup/E81B08000060009
100;D71B20000280001;STRADA DI COLLEGAMENTO DAL PORTO ALLA GRANDE VIABILITÀ;Infrastrutture / parcheggi;SICILIA;PALERMO;PALERMO;1300000000.0;COMUNE DI PALERMO - PA -;programmazione / progetto attivo;ATTIVO;https://www.opencup.gov.it/portale/progetto/-/cup/D71B20000280001
100;F92C05000080011;S.S. N. 106 JONICA;Infrastrutture / parcheggi;CALABRIA;COSENZA;ROSETO CAPO SPULICO;1146647000.0;ANAS S.P.A.;programmazione / progetto attivo;ATTIVO;https://www.opencup.gov.it/portale/progetto/-/cup/F92C05000080011
100;G64I10000040006;IMPIANTI DI ILLUMINAZIONE COMUNALI;Infrastrutture / parcheggi;SARDEGNA;NUORO;VILLAGRANDE STRISAILI;1144611000.0;COMUNE DI VILLAGRANDE STRISAILI - OG -;chiuso;CHIUSO;https://www.opencup.gov.it/portale/progetto/-/cup/G64I10000040006
100;H94E16000980005;AMPLIAMENTO DEL SISTEMA AUTOSTRADALE A14 TRA KM 8 E KM 22 / TANGENZIALE DI BOLOGNA - PASSANTE DI BOLOGNA;Infrastrutture / parcheggi;EMILIA-ROMAGNA;BOLOGNA;SAN LAZZARO DI SAVENA;1075000000.0;AUTOSTRADE PER L'ITALIA S.P.A.;programmazione / progetto attivo;ATTIVO;https://www.opencup.gov.it/portale/progetto/-/cup/H94E16000980005
100;C82E11000070008;MONTE MAGNOLA IMPIANTI SRL;Residenziale pubblico / ERS;ABRUZZO;L'AQUILA;OVINDOLI;6115450000.0;REGIONE ABRUZZO;programmazione / progetto attivo;ATTIVO;https://www.opencup.gov.it/portale/progetto/-/cup/C82E11000070008
100;H49C11000070009;COOPERATIVA CONSORZIO PER L'EDILIZIA RESIDENZIALE VENETA;Residenziale pubblico / ERS;VENETO;TREVISO;TREVISO;3124685000.0;REGIONE VENETO;programmazione / progetto attivo;ATTIVO;https://www.opencup.gov.it/portale/progetto/-/cup/H49C11000070009
100;B33F05001460008;COMIS ALFIO;Residenziale pubblico / ERS;SICILIA;SIRACUSA;SIRACUSA;1373117000.0;COMUNE DI SIRACUSA - SIRACUSA -;programmazione / progetto attivo;ATTIVO;https://www.opencup.gov.it/portale/progetto/-/cup/B33F05001460008
100;J31J05000020001;NODO DI MILANO;Residenziale pubblico / ERS;LOMBARDIA;TUTTE;TUTTI;1200000000.0;RETE FERROVIARIA ITALIANA S.P.A.;chiuso;CHIUSO;https://www.opencup.gov.it/portale/progetto/-/cup/J31J05000020001
100;H39C11000030002;COOPERATIVA EDILIZIA ABITCOOP;Residenziale pubblico / ERS;VENETO;VERONA;SAN MARTINO BUON ALBERGO;1075000000.0;REGIONE VENETO;programmazione / progetto attivo;ATTIVO;https://www.opencup.gov.it/portale/progetto/-/cup/H39C11000030002
100;B25J07000010009;SOCIETÀ GUIDE DEL CERVINO;Residenziale pubblico / ERS;VALLE D'AOSTA;AOSTA;VALTOURNENCHE;964219000.0;REGIONE AUTONOMA DELLA VALLE D'AOSTA;programmazione / progetto attivo;ATTIVO;https://www.opencup.gov.it/portale/progetto/-/cup/B25J07000010009
100;B48F13000210007;CINQUEPALMI FRANCESCO;Residenziale pubblico / ERS;PUGLIA;BARI;MOLA DI BARI;946027000.0;REGIONE PUGLIA;programmazione / progetto attivo;ATTIVO;https://www.opencup.gov.it/portale/progetto/-/cup/B48F13000210007
100;D53F06000200002;CONTRIBUTI ALLE FAMIGLIE COLPITE DAL SISMA;Residenziale pubblico / ERS;FRIULI-VENEZIA GIULIA;UDINE;TUTTI;869082000.0;REGIONE AUTONOMA FRIULI VENEZIA GIULIA;programmazione / progetto attivo;ATTIVO;https://www.opencup.gov.it/portale/progetto/-/cup/D53F06000200002
100;D53F04000090002;CONTRIBUTO ALLE FAMIGLIE COLPITE DAL SISMA;Residenziale pubblico / ERS;FRIULI-VENEZIA GIULIA;UDINE;TUTTI;852154000.0;REGIONE AUTONOMA FRIULI VENEZIA GIULIA;programmazione / progetto attivo;ATTIVO;https://www.opencup.gov.it/portale/progetto/-/cup/D53F04000090002
100;D23F08000130002;CONTRIBUTO ALLE FAMIGLIE COLPITE DAL SISMA;Residenziale pubblico / ERS;FRIULI-VENEZIA GIULIA;TUTTE;TUTTI;836660000.0;REGIONE AUTONOMA FRIULI VENEZIA GIULIA;programmazione / progetto attivo;ATTIVO;https://www.opencup.gov.it/portale/progetto/-/cup/D23F08000130002
100;D23F07000030002;CONTRIBUTO A FAMIGLIE COLPITE DAL SISMA;Residenziale pubblico / ERS;FRIULI-VENEZIA GIULIA;TUTTE;TUTTI;830463000.0;REGIONE AUTONOMA FRIULI VENEZIA GIULIA;programmazione / progetto attivo;ATTIVO;https://www.opencup.gov.it/portale/progetto/-/cup/D23F07000030002
100;C89E99000000002;COMUNE DI MIGLIANICO;Residenziale pubblico / ERS;ABRUZZO;CHIETI;MIGLIANICO;826331000.0;REGIONE ABRUZZO;programmazione / progetto attivo;ATTIVO;https://www.opencup.gov.it/portale/progetto/-/cup/C89E99000000002
100;D23F10000110002;CONTRIBUTO ALLE FAMIGLIE COLPITE DA EVENTO SIMICO;Residenziale pubblico / ERS;FRIULI-VENEZIA GIULIA;TUTTE;TUTTI;752994000.0;REGIONE AUTONOMA FRIULI VENEZIA GIULIA;programmazione / progetto attivo;ATTIVO;https://www.opencup.gov.it/portale/progetto/-/cup/D23F10000110002
100;D23F09000230002;CONTRIBUTO ALLE FAMIGLIE COLPITE DA EVENTO SIMICO;Residenziale pubblico / ERS;FRIULI-VENEZIA GIULIA;TUTTE;TUTTI;743698000.0;REGIONE AUTONOMA FRIULI VENEZIA GIULIA;programmazione / progetto attivo;ATTIVO;https://www.opencup.gov.it/portale/progetto/-/cup/D23F09000230002
100;E63E10000050009;OSTELLO DI SONDALO;Residenziale pubblico / ERS;LOMBARDIA;SONDRIO;SONDALO;717809000.0;REGIONE LOMBARDIA;programmazione / progetto attivo;ATTIVO;https://www.opencup.gov.it/portale/progetto/-/cup/E63E10000050009
100;J18B09000090001;COOP. EDILIZIA GIUSEPPE DI VITTORIO;Residenziale pubblico / ERS;PIEMONTE;TORINO;NICHELINO;682805000.0;REGIONE PIEMONTE;chiuso;CHIUSO;https://www.opencup.gov.it/portale/progetto/-/cup/J18B09000090001
100;D53F05000590002;CONTRIBUTO ALLE FAMIGLIE COLPITE DA EVENTO SIMICO;Residenziale pubblico / ERS;FRIULI-VENEZIA GIULIA;UDINE;TUTTI;664164000.0;REGIONE AUTONOMA FRIULI VENEZIA GIULIA;programmazione / progetto attivo;ATTIVO;https://www.opencup.gov.it/portale/progetto/-/cup/D53F05000590002
100;E87B07000100001;UNIVERSITÀ DI ROMA TOR VERGATA - CITTÀ DELLO SPORT;Residenziale pubblico / ERS;LAZIO;ROMA;ROMA;607983772.0;MINISTERO DELL'ECONOMIA E DELLE FINANZE;programmazione / progetto attivo;ATTIVO;https://www.opencup.gov.it/portale/progetto/-/cup/E87B07000100001
100;D71D18000520001;SISTEMA TRAM PALERMO - AMPLIAMENTO DEL SISTEMA TRAM DELLA CITTA' DI PALERMO;Residenziale pubblico / ERS;SICILIA;PALERMO;PALERMO;504413508.0;COMUNE DI PALERMO - PA -;programmazione / progetto attivo;ATTIVO;https://www.opencup.gov.it/portale/progetto/-/cup/D71D18000520001
100;B44D22001060001;LINEA M4 - PROLUNGAMENTO A OVEST;Residenziale pubblico / ERS;LOMBARDIA;MILANO;MILANO;500000000.0;COMUNE DI MILANO - MI -;programmazione / progetto attivo;ATTIVO;https://www.opencup.gov.it/portale/progetto/-/cup/B44D22001060001
100;H68F08000070001;RIQUALIFICAZIONE DELL'AREA ARCHEOLOGICA DI CAPO GRAZIANO DI FILICUDI;Riqualificazione urbana;SICILIA;MESSINA;LIPARI;1620000000.0;COMUNE DI LIPARI - MESSINA -;programmazione / progetto attivo;ATTIVO;https://www.opencup.gov.it/portale/progetto/-/cup/H68F08000070001
100;H75H24001180005;NUOVO SERBATOIO E SOLLEVAMENTO FRATI 2;Riqualificazione urbana;EMILIA-ROMAGNA;FORLI-CESENA;MODIGLIANA;782473000.0;HERA S.P.A.;programmazione / progetto attivo;ATTIVO;https://www.opencup.gov.it/portale/progetto/-/cup/H75H24001180005
100;B65B24000410006;REALIZZAZIONE DEL NODO INTERMODALE COMPLESSO DI NAPOLI GARIBALDI-PORTA EST E LA RIGENERAZIONE URBANA DELLE AREE FERROVIARIE, IVI COMPRESA LA PROGETTAZIONE DELL'HEADQUARTER DELLA REGIONE CAMPANIA;Riqualificazione urbana;CAMPANIA;NAPOLI;NAPOLI;700000000.0;REGIONE CAMPANIA;programmazione / progetto attivo;ATTIVO;https://www.opencup.gov.it/portale/progetto/-/cup/B65B24000410006
100;B41E76000000004;LINEA 1, METROPOLITANA DI NAPOLI;Riqualificazione urbana;CAMPANIA;NAPOLI;NAPOLI;688953500.0;COMUNE DI NAPOLI - NA -;programmazione / progetto attivo;ATTIVO;https://www.opencup.gov.it/portale/progetto/-/cup/B41E76000000004
100;J81I05000060002;LINEA B1, METROPOLITANA DI ROMA;Riqualificazione urbana;LAZIO;ROMA;ROMA;649899490.0;ROMA CAPITALE;programmazione / progetto attivo;ATTIVO;https://www.opencup.gov.it/portale/progetto/-/cup/J81I05000060002
100;H14E10000010007;A 1 AUTOSTRADA MILANO NAPOLI;Riqualificazione urbana;EMILIA-ROMAGNA;MODENA;CASTELFRANCO EMILIA;516728890.0;AUTOSTRADE PER L'ITALIA S.P.A.;chiuso;CHIUSO;https://www.opencup.gov.it/portale/progetto/-/cup/H14E10000010007
100;B57J09000100001;ATLANTICA INVEST AG;Riqualificazione urbana;SICILIA;ENNA;REGALBUTO;505275000.0;MINISTERO DELLE IMPRESE E DEL MADE IN ITALY;programmazione / progetto attivo;ATTIVO;https://www.opencup.gov.it/portale/progetto/-/cup/B57J09000100001
100;F55F20000310006;RIQUALIFICAZIONE DEL PATRIMONIO STORICO E NATURALE RECUPERO N MANUFATTI E SPAZI ESTERNI DELL'AREA DELL AEX STAZIONE FERROVIARIA IN CONTRADA LA GULFA;Riqualificazione urbana;SICILIA;AGRIGENTO;SANTA MARGHERITA DI BELICE;500000000.0;soggetto privato;programmazione / progetto attivo;ATTIVO;https://www.opencup.gov.it/portale/progetto/-/cup/F55F20000310006
100;G88I24000660002;INTERVENTO DI RIQUALIFICAZIONE DEL P.O. SPEDALI CIVILI DI BRESCIA - D.G.R. N.XI/5835 DEL 29/12/2021.;Riqualificazione urbana;LOMBARDIA;BRESCIA;BRESCIA;497000000.0;ARIA S.P.A. - AZIENDA REGIONALE PER L'INNOVAZIONE E GLI ACQUISTI;programmazione / progetto attivo;ATTIVO;https://www.opencup.gov.it/portale/progetto/-/cup/G88I24000660002
100;B31J25000100001;METROPOLITANA DI GENOVA;Riqualificazione urbana;LIGURIA;GENOVA;GENOVA;493196026.0;COMUNE DI GENOVA - GE -;programmazione / progetto attivo;ATTIVO;https://www.opencup.gov.it/portale/progetto/-/cup/B31J25000100001
100;J51E03000040005;LINEA B1, METROPOLITANA DI ROMA;Riqualificazione urbana;LAZIO;ROMA;ROMA;482900000.0;soggetto privato;programmazione / progetto attivo;ATTIVO;https://www.opencup.gov.it/portale/progetto/-/cup/J51E03000040005
100;B46J99000650003;LINEA 6, METROPOLITANA DI NAPOLI;Riqualificazione urbana;CAMPANIA;NAPOLI;NAPOLI;446810000.0;COMUNE DI NAPOLI - NA -;programmazione / progetto attivo;ATTIVO;https://www.opencup.gov.it/portale/progetto/-/cup/B46J99000650003
100;E41G23000220008;STAZIONE FERROVIARIA DI MILANO CADORNA - FERROVIENORD;Riqualificazione urbana;LOMBARDIA;MILANO;MILANO;435000000.0;FERROVIE NORD MILANO ESERCIZIO S.P.A.;programmazione / progetto attivo;ATTIVO;https://www.opencup.gov.it/portale/progetto/-/cup/E41G23000220008
100;G72F05000380006;IPPOLITO GIUSEPPE;Riqualificazione urbana;SICILIA;AGRIGENTO;SANTO STEFANO QUISQUINA;409933130.0;REGIONE AUTONOMA DELLA SICILIA;programmazione / progetto attivo;ATTIVO;https://www.opencup.gov.it/portale/progetto/-/cup/G72F05000380006
100;F92F08000010004;SERVIZIO DI MANUTENZIONE DEL VERDE PUBBLICO;Riqualificazione urbana;TOSCANA;LIVORNO;PORTOFERRAIO;380000000.0;COMUNE DI PORTOFERRAIO - LI -;chiuso;CHIUSO;https://www.opencup.gov.it/portale/progetto/-/cup/F92F08000010004
100;J64E21002290008;STAZIONI FERROVIARIE DEL CENTRO SUD INCLUSE QUELLE NEI CRATERI DEL SISMA;Riqualificazione urbana;ABRUZZO;TUTTE;TUTTI;357000000.0;RETE FERROVIARIA ITALIANA S.P.A.;programmazione / progetto attivo;ATTIVO;https://www.opencup.gov.it/portale/progetto/-/cup/J64E21002290008
100;B46F05000070005;manutenziona straordinaria di Via Mazzocchi;Riqualificazione urbana;CAMPANIA;NAPOLI;NAPOLI;350000000.0;COMUNE DI NAPOLI - NA -;chiuso;CHIUSO;https://www.opencup.gov.it/portale/progetto/-/cup/B46F05000070005
100;B11H03000180008;STAZIONI FERROVIARIE;Riqualificazione urbana;PIEMONTE;TORINO;TORINO;341663000.0;soggetto privato;programmazione / progetto attivo;ATTIVO;https://www.opencup.gov.it/portale/progetto/-/cup/B11H03000180008
100;I85J12001350007;CONSIGLIO NICOLA;Riqualificazione urbana;PUGLIA;FOGGIA;BOVINO;306906000.0;soggetto privato;programmazione / progetto attivo;ATTIVO;https://www.opencup.gov.it/portale/progetto/-/cup/I85J12001350007
100;G52D05000020006;UFFICIO TECNICO;Riqualificazione urbana;MOLISE;CAMPOBASSO;FERRAZZANO;300000000.0;COMUNITA' MONTANA DEL MOLISE CENTRALE;programmazione / progetto attivo;ATTIVO;https://www.opencup.gov.it/portale/progetto/-/cup/G52D05000020006
100;J77I04000000009;ITINERARIO NAPOLI - BARI;Sanità / RSA;PUGLIA;TUTTE;TUTTI;2210000000.0;RETE FERROVIARIA ITALIANA S.P.A.;programmazione / progetto attivo;ATTIVO;https://www.opencup.gov.it/portale/progetto/-/cup/J77I04000000009
100;I13F24000130001;CLUSTER SARDO HVDC FIUMESANTO  MONTALTO (SAPEI 2) E RINFORZI RETE 220 KV SARDEGNA;Sanità / RSA;SARDEGNA;SASSARI;PORTO TORRES;1420000000.0;TERNA RETE ITALIA;programmazione / progetto attivo;ATTIVO;https://www.opencup.gov.it/portale/progetto/-/cup/I13F24000130001
100;E85F24000370005;COSTRUZIONE NUOVO OSPEDALE POLICLINICO UMBERTO I;Sanità / RSA;LAZIO;ROMA;ROMA;1000000000.0;AZIENDA POLICLINICO UMBERTO I - ROMA;programmazione / progetto attivo;ATTIVO;https://www.opencup.gov.it/portale/progetto/-/cup/E85F24000370005
100;H31B22002590007;TUNNEL SUBPORTUALE URBANO DI ATTRAVERSAMENTO DELLA CITTA' DI GENOVA;Sanità / RSA;LIGURIA;GENOVA;GENOVA;697409350.0;AUTOSTRADE PER L'ITALIA S.P.A.;programmazione / progetto attivo;ATTIVO;https://www.opencup.gov.it/portale/progetto/-/cup/H31B22002590007
100;F12E23000330009;UTILIZZO IRRIGUO DELLE ACQUE DELL'INVASO DI CAMPOLATTARO;Sanità / RSA;CAMPANIA;BENEVENTO;TUTTI;642195567.0;CONSORZIO DI BONIFICA DEL SANNIO ALIFANO;programmazione / progetto attivo;ATTIVO;https://www.opencup.gov.it/portale/progetto/-/cup/F12E23000330009
100;F81H03000050009;FERROVIA ALIFANA;Sanità / RSA;CAMPANIA;NAPOLI;NAPOLI;640506046.0;soggetto privato;chiuso;CHIUSO;https://www.opencup.gov.it/portale/progetto/-/cup/F81H03000050009
100;F91B25000110001;RA06 - NODO DI PERUGIA - VARIANTE AL RACCORDO AUTOSTRADALE RA06 PERUGIA-BETTOLLE (A1) DA MADONNA DEL PIANO A CORCIANO - 1° STRALCIO MADONNA DEL PIANO - PERUGIA OVEST OSPEDALE SILVESTRINI;Sanità / RSA;UMBRIA;PERUGIA;PERUGIA;627500000.0;ANAS S.P.A.;programmazione / progetto attivo;ATTIVO;https://www.opencup.gov.it/portale/progetto/-/cup/F91B25000110001
100;J71H92000020008;LINEA VENTIMIGLIA-GENOVA;Sanità / RSA;LIGURIA;TUTTE;TUTTI;549000000.0;RETE FERROVIARIA ITALIANA S.P.A.;programmazione / progetto attivo;ATTIVO;https://www.opencup.gov.it/portale/progetto/-/cup/J71H92000020008
100;D51B06000560008;OSPEDALE NUOVO SANTA CHIARA IN CISANELLO;Sanità / RSA;TOSCANA;PISA;PISA;518716073.0;AZIENDA OSPEDALIERA PISANA;programmazione / progetto attivo;ATTIVO;https://www.opencup.gov.it/portale/progetto/-/cup/D51B06000560008
100;I95F21001370008;LAVORI DI REALIZZAZIONE NUOVO POLO OSPEDALIERO - PADOVA EST - SAN LAZZARO - DELL'AZIENDA OSPEDALE UNIVERSITÀ PADOVA;Sanità / RSA;VENETO;PADOVA;PADOVA;481692600.0;REGIONE VENETO AZIENDA OSPEDALE - UNIVERSITÀ PADOVA;programmazione / progetto attivo;ATTIVO;https://www.opencup.gov.it/portale/progetto/-/cup/I95F21001370008
100;C71B20000700002;REALIZZAZIONE ITINERARIO TRASVERSALE SARDA;Sanità / RSA;SARDEGNA;TUTTE;TUTTI;450000000.0;OPERE E INFRASTRUTTURE DELLA SARDEGNA;programmazione / progetto attivo;ATTIVO;https://www.opencup.gov.it/portale/progetto/-/cup/C71B20000700002
100;F61C07000010009;LINEA METROPOLITANA EX ALIFANA - AVERSA CENTRO/PISCINOLA/CAPODICHINO - TRATTA PISCINOLA/DI VITTORIO/CAPODICHINO;Sanità / RSA;CAMPANIA;NAPOLI;NAPOLI;410205674.0;soggetto privato;programmazione / progetto attivo;ATTIVO;https://www.opencup.gov.it/portale/progetto/-/cup/F61C07000010009
100;B25F24000370001;AZIENDA OSPEDALIERA S. CROCE E A. CARLE DI CUNEO;Sanità / RSA;PIEMONTE;CUNEO;CUNEO;410000000.0;AZIENDA OSPEDALIERA 'S. CROCE E CARLE' - CUNEO;programmazione / progetto attivo;ATTIVO;https://www.opencup.gov.it/portale/progetto/-/cup/B25F24000370001
100;H35F24000090008;NUOVO OSPEDALE;Sanità / RSA;PIEMONTE;ALESSANDRIA;ALESSANDRIA;410000000.0;AZIENDA OSPEDALIERO UNIVERSITARIA DI ALESSANDRIA SANTI ANTONIO E BIAGIO E CESARE ARRIGO;programmazione / progetto attivo;ATTIVO;https://www.opencup.gov.it/portale/progetto/-/cup/H35F24000090008
100;G35F21001880001;NUOVO OSPEDALE TIBURTINO;Sanità / RSA;LAZIO;ROMA;TIVOLI;379310686.0;AZIENDA SANITARIA LOCALE ROMA 5;programmazione / progetto attivo;ATTIVO;https://www.opencup.gov.it/portale/progetto/-/cup/G35F21001880001
100;E65F24000390005;REALIZZAZIONE DEL NUOVO OSPEDALE DEL PONENTE LIGURE A TAGGIA;Sanità / RSA;LIGURIA;IMPERIA;TAGGIA;356844278.0;AZIENDA SANITARIA LOCALE USL N.1 IMPERIESE;programmazione / progetto attivo;ATTIVO;https://www.opencup.gov.it/portale/progetto/-/cup/E65F24000390005
100;B45F22000710003;NUOVO OSPEDALE DI BUSTO ARSIZIO E GALLARATE;Sanità / RSA;LOMBARDIA;VARESE;BUSTO ARSIZIO;350000000.0;ARIA S.P.A. - AZIENDA REGIONALE PER L'INNOVAZIONE E GLI ACQUISTI;programmazione / progetto attivo;ATTIVO;https://www.opencup.gov.it/portale/progetto/-/cup/B45F22000710003
100;F15F22001210005;NUOVO OSPEDALE PER L'ASL CITTÀ DI TORINO;Sanità / RSA;PIEMONTE;TORINO;TORINO;347904000.0;"AZIENDA SANITARIA LOCALE ""CITTA' DI TORINO""";programmazione / progetto attivo;ATTIVO;https://www.opencup.gov.it/portale/progetto/-/cup/F15F22001210005
100;C67H16000850009;REALIZZAZIONE DEL POLO SANITARIO DEL TRENTINO.;Sanità / RSA;TRENTINO-ALTO ADIGE;TRENTO;TRENTO;338000000.0;PROVINCIA AUTONOMA DI TRENTO;programmazione / progetto attivo;ATTIVO;https://www.opencup.gov.it/portale/progetto/-/cup/C67H16000850009
100;B47H23003890007;CASA DI RIPOSO C.S.S.A.S. IPAB LERCARO STRADA LERCARO 3 CONCESSIONE PER LA PROGETTAZIONE, RISTRUTTURAZIONE E GESTIONE DELLA CASA DI RIPOSO C.S.S.A.S. IPAB LERCARO, OVADA (AL), AI SENSI DELLART. 183, COMMA 15, D.LGS. 50/2016;Sanità / RSA;PIEMONTE;ALESSANDRIA;OVADA;336507768.0;UNIONE MONTANA SUOL D'ALERAMO;programmazione / progetto attivo;ATTIVO;https://www.opencup.gov.it/portale/progetto/-/cup/B47H23003890007
100;B21D24000260005;SERVIZIO DI GESTIONE DEL SISTEMA ACQUEDOTTISTICO DELLA GRANDE ADDUZIONE PRIMARIA DI INTERESSE REGIONALE;Scuole / formazione;CAMPANIA;TUTTE;TUTTI;4923770348.0;REGIONE CAMPANIA;programmazione / progetto attivo;ATTIVO;https://www.opencup.gov.it/portale/progetto/-/cup/B21D24000260005
100;J12F11000410007;FLAG DELLO STRETTO;Scuole / formazione;CALABRIA;REGGIO DI CALABRIA;BAGNARA CALABRA;2925267000.0;REGIONE CALABRIA;programmazione / progetto attivo;ATTIVO;https://www.opencup.gov.it/portale/progetto/-/cup/J12F11000410007
100;B51B06000390001;COLLEGAMENTO AUTOSTRADALE ROMA (TOR DE' CENCI) - LATINA (BORGO PIAVE);Scuole / formazione;LAZIO;LATINA;LATINA;1468659493.0;AUTOSTRADE DEL LAZIO S.P.A.;programmazione / progetto attivo;ATTIVO;https://www.opencup.gov.it/portale/progetto/-/cup/B51B06000390001
100;E75E26000030004;ASILO NIDO COMUNALE;Scuole / formazione;LOMBARDIA;MANTOVA;MARCARIA;1056406000.0;COMUNE DI MARCARIA - MN -;programmazione / progetto attivo;ATTIVO;https://www.opencup.gov.it/portale/progetto/-/cup/E75E26000030004
100;H67F07000430007;AA 1, 8, 10, 11, 12, 14, 16, 23 E 27 IN CONCESSIONE;Scuole / formazione;LOMBARDIA;MILANO;LAINATE;940826000.0;AUTOSTRADE PER L'ITALIA S.P.A.;chiuso;CHIUSO;https://www.opencup.gov.it/portale/progetto/-/cup/H67F07000430007
100;G66B07000000007;RISTRUTTURAZIONE E ADEGUAMENTO IGENICO SANITARIO DEL FABBRICATO.;Scuole / formazione;SICILIA;PALERMO;TERMINI IMERESE;668156000.0;REGIONE AUTONOMA DELLA SICILIA;chiuso;CHIUSO;https://www.opencup.gov.it/portale/progetto/-/cup/G66B07000000007
100;B21B06000520001;COLLEGAMENTO AUTOSTRADALE CISTERNA VALMONTONE;Scuole / formazione;LAZIO;ROMA;ARTENA;665607300.0;AZIENDA STRADE LAZIO - ASTRAL S.P.A.;programmazione / progetto attivo;ATTIVO;https://www.opencup.gov.it/portale/progetto/-/cup/B21B06000520001
100;B57G25000190001;RETE A BANDA ULTRALARGA OGGETTO DELLA CONCESSIONE SUL TERRITORIO NAZIONALE;Scuole / formazione;TUTTE;TUTTE;TUTTI;660000000.0;soggetto privato;programmazione / progetto attivo;ATTIVO;https://www.opencup.gov.it/portale/progetto/-/cup/B57G25000190001
100;B77G21000160004;RTI TIM S.P.A. CON FIBERCOP S.P.A.;Scuole / formazione;LIGURIA;TUTTE;TUTTI;606953265.0;soggetto privato;programmazione / progetto attivo;ATTIVO;https://www.opencup.gov.it/portale/progetto/-/cup/B77G21000160004
100;F36G08000930005;A 12 AUTOSTRADA GENOVA ROMA;Scuole / formazione;TOSCANA;LIVORNO;SAN VINCENZO;552476140.0;SOCIETÀ AUTOSTRADA TIRRENICA P.A.;programmazione / progetto attivo;ATTIVO;https://www.opencup.gov.it/portale/progetto/-/cup/F36G08000930005
100;B57G21000250004;RTI TIM S.P.A. CON FIBERCOP S.P.A.;Scuole / formazione;UMBRIA;TUTTE;TUTTI;546258115.0;soggetto privato;programmazione / progetto attivo;ATTIVO;https://www.opencup.gov.it/portale/progetto/-/cup/B57G21000250004
100;B77G21000150004;RTI TIM S.P.A. CON FIBERCOP S.P.A.;Scuole / formazione;SARDEGNA;TUTTE;TUTTI;508955057.0;soggetto privato;programmazione / progetto attivo;ATTIVO;https://www.opencup.gov.it/portale/progetto/-/cup/B77G21000150004
100;G18I15000020006;PARCO DELLA SALUTE, DELLA RICERCA E DELL'INNOVAZIONE DI TORINO. PROGETTO DEL POLO DELLA SANITA' E DELLA FORMAZIONE CLINICA E DEL POLO DELLA RICERCA - INTERVENTO N. 1 - REALIZZAZIONE DEGLI EDIFICI;Scuole / formazione;PIEMONTE;TORINO;TORINO;437479111.0;AZIENDA OSPEDALIERA CITTA' DELLA SALUTE E DELLA SCIENZA;programmazione / progetto attivo;ATTIVO;https://www.opencup.gov.it/portale/progetto/-/cup/G18I15000020006
100;B37G21000040004;OPENFIBER S.P.A.;Scuole / formazione;PUGLIA;TUTTE;TUTTI;429419772.0;soggetto privato;programmazione / progetto attivo;ATTIVO;https://www.opencup.gov.it/portale/progetto/-/cup/B37G21000040004
100;B47G21000060004;RTI TIM S.P.A. CON FIBERCOP S.P.A.;Scuole / formazione;CALABRIA;REGGIO DI CALABRIA;TUTTI;413117694.0;soggetto privato;programmazione / progetto attivo;ATTIVO;https://www.opencup.gov.it/portale/progetto/-/cup/B47G21000060004
100;B87D16000060001;RETI A BANDA ULTRALARGA - LOMBARDIA FSC;Scuole / formazione;LOMBARDIA;TUTTE;TUTTI;381700459.0;soggetto privato;programmazione / progetto attivo;ATTIVO;https://www.opencup.gov.it/portale/progetto/-/cup/B87D16000060001
100;B57G21000260004;OPENFIBER S.P.A.;Scuole / formazione;TOSCANA;TUTTE;TUTTI;377375444.0;soggetto privato;programmazione / progetto attivo;ATTIVO;https://www.opencup.gov.it/portale/progetto/-/cup/B57G21000260004
100;I92E09000190007;MASTRI BIRRAI SOC. COOOP. A.R.L.;Scuole / formazione;UMBRIA;PERUGIA;GIANO DELL'UMBRIA;376215000.0;REGIONE UMBRIA;chiuso;CHIUSO;https://www.opencup.gov.it/portale/progetto/-/cup/I92E09000190007
100;E68I06000050007;SCUOLA MATERNA MONUMENTO AI CADUTI;Scuole / formazione;VENETO;BELLUNO;DOMEGGE DI CADORE;375000000.0;COMUNE DI DOMEGGE DI CADORE - BELLUNO -;chiuso;CHIUSO;https://www.opencup.gov.it/portale/progetto/-/cup/E68I06000050007
100;G85H09000020005;RIFACIMENTO INVASO SUL TORRENTE SESSERA IN SOSTITUZIONE DELLESISTENTE PER IL SUPERAMENTO DELLE CRISI IDRICHE RICORRENTI, ... - NUOVA DIGA E CONDOTTA PRIMARIA;Scuole / formazione;PIEMONTE;VERCELLI;ROASIO;372000000.0;CONSORZIO DI BONIFICA DELLA BARAGGIA BIELLESE E VERCELLESE;programmazione / progetto attivo;ATTIVO;https://www.opencup.gov.it/portale/progetto/-/cup/G85H09000020005
100;G85J10000070007;AVOLA NICOLETTA;Sport / impianti sportivi;SICILIA;SIRACUSA;NOTO;265534400.0;REGIONE AUTONOMA DELLA SICILIA;programmazione / progetto attivo;ATTIVO;https://www.opencup.gov.it/portale/progetto/-/cup/G85J10000070007
100;B68E25000330005;INTERVENTI DI AMMODERNAMENTO DELLO STADIO DIEGO ARMANDO MARADONA;Sport / impianti sportivi;CAMPANIA;NAPOLI;NAPOLI;203000000.0;COMUNE DI NAPOLI - NA -;programmazione / progetto attivo;ATTIVO;https://www.opencup.gov.it/portale/progetto/-/cup/B68E25000330005
100;B96G11000020001;COMUNE DI VILLAPIANA;Sport / impianti sportivi;CALABRIA;COSENZA;VILLAPIANA;199597000.0;COMUNE DI VILLAPIANA - COSENZA -;chiuso;CHIUSO;https://www.opencup.gov.it/portale/progetto/-/cup/B96G11000020001
100;B77B02000390001;IMPIANTO SPORTIVO ALLA FRAZIONE CAPITELLO;Sport / impianti sportivi;CAMPANIA;SALERNO;ISPANI;191089000.0;COMUNE DI ISPANI - SALERNO -;chiuso;CHIUSO;https://www.opencup.gov.it/portale/progetto/-/cup/B77B02000390001
100;I34J25000360007;CENTRO SPORTIVO POLIFUNZIONALE LUNGO TANARO SAN MARTINO;Sport / impianti sportivi;PIEMONTE;ALESSANDRIA;ALESSANDRIA;173905394.0;COMUNE DI ALESSANDRIA - AL -;programmazione / progetto attivo;ATTIVO;https://www.opencup.gov.it/portale/progetto/-/cup/I34J25000360007
100;I24H03000030005;LAVORI DI COSTRUZIONE DI UNA TRIBUNA COPERTA A SERVIZIO DEL CAMPO SPORTIVO PRINCIPALE DA REALIZZARSI NELLA NUOVA ZONA SPORTIVA COMUNALE DI VIA E.BERLINGUER;Sport / impianti sportivi;EMILIA-ROMAGNA;RAVENNA;SANT'AGATA SUL SANTERNO;170000000.0;COMUNE DI SANT'AGATA SUL SANTERNO - RAVENNA -;chiuso;CHIUSO;https://www.opencup.gov.it/portale/progetto/-/cup/I24H03000030005
100;H77H01000160001;Lavori di PI per difesa sponda sx Torrente Parma loc. Centro Sportivo e loc. Torrechiara in Com. di Langhirano.;Sport / impianti sportivi;EMILIA-ROMAGNA;PARMA;TUTTI;167848490.0;MINISTERO DELLE INFRASTRUTTURE E DEI TRASPORTI;chiuso;CHIUSO;https://www.opencup.gov.it/portale/progetto/-/cup/H77H01000160001
100;C68G04000000004;completamento centro sportivo (copertura del campo sportivo con tensostruttura);Sport / impianti sportivi;LOMBARDIA;BERGAMO;MOZZO;154937000.0;COMUNE DI MOZZO - BG -;chiuso;CHIUSO;https://www.opencup.gov.it/portale/progetto/-/cup/C68G04000000004
100;C57F04000010002;Progetto di ristrutturazione del Centro Sportivo di via Borroni - II° lotto -;Sport / impianti sportivi;LOMBARDIA;PAVIA;ROVESCALA;152053000.0;COMUNE DI ROVESCALA - PAVIA -;programmazione / progetto attivo;ATTIVO;https://www.opencup.gov.it/portale/progetto/-/cup/C57F04000010002
100;D97D25000060007;APPALTO PRESTAZIONE PROFESSIONALE PER LA REDAZIONE DEL PROGETTO DI FATTIBILITA' TECNICA ED ECONOMICA INERENTE LA REVISIONE DEL PROGETTO RIQUALIFICAZIONE DEL CENTRO SPORTIVO COMUNALE SITO IN VIA STERIA COMUNE DI CERVO.;Sport / impianti sportivi;LIGURIA;IMPERIA;CERVO;140000000.0;COMUNE DI CERVO - IMPERIA -;programmazione / progetto attivo;ATTIVO;https://www.opencup.gov.it/portale/progetto/-/cup/D97D25000060007
100;D97I06000110009;UNIONE ITALIANA SPORT PER TUTTI COMITATO TERRITORIALE TRIESTE;Sport / impianti sportivi;FRIULI-VENEZIA GIULIA;TRIESTE;TRIESTE;138165000.0;REGIONE AUTONOMA FRIULI VENEZIA GIULIA;programmazione / progetto attivo;ATTIVO;https://www.opencup.gov.it/portale/progetto/-/cup/D97I06000110009
100;C14C04000000004;Lavori di completamento dell'Impianto Sportivo G. Campagnuolo - Sistemazione campo calcetto - ampliamento palestra/spogliatoi - Via Nazionale - Frazione Acciaroli (SA) -;Sport / impianti sportivi;CAMPANIA;SALERNO;POLLICA;130000000.0;COMUNE DI POLLICA - SALERNO -;programmazione / progetto attivo;ATTIVO;https://www.opencup.gov.it/portale/progetto/-/cup/C14C04000000004
100;C91E03000010003;LAVORI DI MANUTENZIONE STRAORDINARIA E MIGLIORAMENTO FUNZIONALE DELL'IMPIANTO SPORTIVO POLIVALENTE DI VIA VIII DICEMBRE - 1° STRALCIO FUNZIONALE SPOGLIATOI CAMPO DA CALCIO;Sport / impianti sportivi;EMILIA-ROMAGNA;BOLOGNA;FONTANELICE;130000000.0;COMUNE DI FONTANELICE - BOLOGNA -;chiuso;CHIUSO;https://www.opencup.gov.it/portale/progetto/-/cup/C91E03000010003
100;J54H04000010004;Lavori di realizzazione opere accessorie centro sportivo di Masi San Giacomo - 1° Lotto;Sport / impianti sportivi;EMILIA-ROMAGNA;FERRARA;MASI TORELLO;130000000.0;COMUNE DI MASI TORELLO - FERRARA -;chiuso;CHIUSO;https://www.opencup.gov.it/portale/progetto/-/cup/J54H04000010004
100;D48G04000020001;AMPLIAMENTO CAMPO SPORTIVO ESISTENTE: NUOVO CAMPO DA CALCIO PER ALLENAMENTO;Sport / impianti sportivi;LOMBARDIA;MANTOVA;SAN GIACOMO DELLE SEGNATE;129114000.0;COMUNE DI SAN GIACOMO DELLE SEGNATE - MN -;chiuso;CHIUSO;https://www.opencup.gov.it/portale/progetto/-/cup/D48G04000020001
100;D64C04000030002;Lavori di completamento Palestra comunale alla via Garibaldi.;Sport / impianti sportivi;CAMPANIA;SALERNO;RUTINO;128405000.0;COMUNE DI RUTINO - SALERNO -;programmazione / progetto attivo;ATTIVO;https://www.opencup.gov.it/portale/progetto/-/cup/D64C04000030002
100;C53I22000120002;LAVORI DI RISTRUTTURAZIONE, RIQUALIFICAZIONE E ADEGUAMENTO DELLO STADIO ARECHI DI SALERNO;Sport / impianti sportivi;CAMPANIA;SALERNO;SALERNO;125000000.0;ARUS -AGENZIA REGIONALE UNIVERSIADI PER LO SPORT - NAPOLI;programmazione / progetto attivo;ATTIVO;https://www.opencup.gov.it/portale/progetto/-/cup/C53I22000120002
100;D65H07000020005;VIA DEI SILLORI S.ANGELO IN CAMPO LAVORI DI AMPLIAMENTO SPOGLIATOIO PERSONALE E REALIZZAZIONE DI NUOVI SERVIZI IGIENICI NEL FABBRICATO R.S.U.;Sport / impianti sportivi;TOSCANA;LUCCA;LUCCA;122265000.0;soggetto privato;programmazione / progetto attivo;ATTIVO;https://www.opencup.gov.it/portale/progetto/-/cup/D65H07000020005
100;H97I11000000003;PROGETTO BENESSERE NEL PARCO: UNA PALESTRA NEL VERDE DA REALIZZARE C/O IL PARCO EX GROCCO DI PERUGIA, FINALIZZATO ALLA PROMOZIONE DELL'ATTIVITÀ FISICA E ALLA RIABILITAZIONE NEUROMOTORIA;Sport / impianti sportivi;UMBRIA;PERUGIA;PERUGIA;121592640.0;AZIENDA SANITARIA REGIONALE UMBRIA U.S.L. N. 2;chiuso;CHIUSO;https://www.opencup.gov.it/portale/progetto/-/cup/H97I11000000003
100;I33B19000090005;IMPIANTI SPORTIVI - REALIZZAZIONE NUOVO STADIO COMUNALE;Sport / impianti sportivi;VENETO;VERONA;VERONA;121557480.0;COMUNE DI VERONA - VERONA -;programmazione / progetto attivo;ATTIVO;https://www.opencup.gov.it/portale/progetto/-/cup/I33B19000090005
